image_path,emotion
4004.jpg,contempt
4003.jpg,sad
4034.jpg,uncertain
4033.jpg,surprise
4002.jpg,contempt
4022.jpg,happy
4009.jpg,sad
4062.jpg,happy
4006.jpg,contempt
4037.jpg,happy
4069.jpg,surprise
4047.jpg,fear
4070.jpg,sad
4036.jpg,sad
4029.jpg,surprise
4061.jpg,anger
4019.jpg,sad
4015.jpg,happy
4001.jpg,sad
4049.jpg,uncertain
4042.jpg,disgust
4059.jpg,fear
4013.jpg,neutral
4035.jpg,disgust
4043.jpg,sad
3996.jpg,happy
3999.jpg,neutral
3992.jpg,fear
4056.jpg,uncertain
4052.jpg,anger
4067.jpg,contempt
4031.jpg,fear
4018.jpg,anger
4010.jpg,contempt
4030.jpg,neutral
4028.jpg,happy
4051.jpg,contempt
4064.jpg,surprise
4021.jpg,sad
4014.jpg,sad
3994.jpg,neutral
3997.jpg,surprise
4060.jpg,neutral
4063.jpg,anger
4040.jpg,sad
4045.jpg,neutral
4039.jpg,anger
4005.jpg,fear
4038.jpg,surprise
4065.jpg,surprise
3995.jpg,sad
4041.jpg,neutral
4053.jpg,neutral
3993.jpg,anger
3990.jpg,contempt
4057.jpg,uncertain
4054.jpg,neutral
4068.jpg,happy
4050.jpg,happy
4016.jpg,sad
4026.jpg,surprise
3989.jpg,surprise
4048.jpg,fear
3988.jpg,anger
4055.jpg,neutral
4066.jpg,sad
4011.jpg,contempt
4024.jpg,neutral
4000.jpg,surprise
4058.jpg,happy
4027.jpg,surprise
4074.jpg,happy
4156.jpg,happy
4122.jpg,fear
4146.jpg,neutral
4142.jpg,neutral
4130.jpg,happy
4076.jpg,sad
4133.jpg,disgust
4141.jpg,sad
4111.jpg,sad
4123.jpg,sad
4155.jpg,happy
4096.jpg,sad
4086.jpg,neutral
4112.jpg,neutral
4071.jpg,neutral
4106.jpg,anger
4157.jpg,sad
4094.jpg,sad
4114.jpg,sad
4110.jpg,surprise
4084.jpg,uncertain
4131.jpg,sad
4150.jpg,neutral
4117.jpg,surprise
4093.jpg,surprise
4087.jpg,anger
4100.jpg,fear
4153.jpg,happy
4098.jpg,happy
4073.jpg,anger
4105.jpg,sad
4126.jpg,surprise
4158.jpg,neutral
4121.jpg,contempt
4152.jpg,happy
4079.jpg,surprise
4140.jpg,surprise
4091.jpg,anger
4108.jpg,surprise
4129.jpg,uncertain
4080.jpg,neutral
4148.jpg,anger
4119.jpg,sad
4085.jpg,surprise
4124.jpg,surprise
4083.jpg,happy
4137.jpg,fear
4089.jpg,happy
4116.jpg,neutral
4099.jpg,fear
4078.jpg,anger
4139.jpg,neutral
4077.jpg,neutral
4101.jpg,contempt
4103.jpg,fear
4143.jpg,sad
4159.jpg,disgust
4075.jpg,neutral
4138.jpg,uncertain
4136.jpg,sad
4145.jpg,anger
4127.jpg,surprise
4147.jpg,sad
4095.jpg,sad
4104.jpg,sad
4102.jpg,anger
4135.jpg,uncertain
4097.jpg,sad
4081.jpg,surprise
4088.jpg,uncertain
4107.jpg,anger
4128.jpg,happy
4125.jpg,uncertain
4109.jpg,sad
4113.jpg,uncertain
4092.jpg,sad
4132.jpg,happy
4151.jpg,sad
4072.jpg,sad
4120.jpg,surprise
4144.jpg,sad
4134.jpg,surprise
4154.jpg,anger
4115.jpg,neutral
4090.jpg,sad
4082.jpg,anger
4118.jpg,anger
4149.jpg,happy
4166.jpg,fear
4169.jpg,happy
4181.jpg,contempt
4180.jpg,neutral
4196.jpg,uncertain
4161.jpg,happy
4192.jpg,disgust
4246.jpg,neutral
4219.jpg,surprise
4247.jpg,neutral
4184.jpg,neutral
4239.jpg,anger
4240.jpg,contempt
4231.jpg,neutral
4187.jpg,happy
4244.jpg,uncertain
4216.jpg,happy
4241.jpg,sad
4183.jpg,fear
4190.jpg,disgust
4213.jpg,sad
4232.jpg,anger
4214.jpg,sad
4205.jpg,sad
4191.jpg,anger
4198.jpg,surprise
4168.jpg,surprise
4215.jpg,surprise
4171.jpg,sad
4233.jpg,happy
4230.jpg,happy
4242.jpg,disgust
4170.jpg,happy
4165.jpg,sad
4164.jpg,sad
4211.jpg,sad
4226.jpg,happy
4175.jpg,contempt
4218.jpg,surprise
4224.jpg,neutral
4176.jpg,surprise
4200.jpg,neutral
4228.jpg,anger
4235.jpg,happy
4202.jpg,neutral
4203.jpg,neutral
4238.jpg,uncertain
4225.jpg,happy
4167.jpg,disgust
4178.jpg,uncertain
4174.jpg,uncertain
4237.jpg,surprise
4208.jpg,sad
4223.jpg,fear
4172.jpg,surprise
4189.jpg,happy
4204.jpg,neutral
4186.jpg,happy
4182.jpg,happy
4220.jpg,sad
4221.jpg,anger
4209.jpg,surprise
4229.jpg,surprise
4163.jpg,uncertain
4236.jpg,fear
4179.jpg,happy
4185.jpg,disgust
4197.jpg,contempt
4217.jpg,happy
4212.jpg,disgust
4162.jpg,surprise
4245.jpg,neutral
4201.jpg,sad
4195.jpg,disgust
4206.jpg,disgust
4188.jpg,contempt
4243.jpg,neutral
4194.jpg,anger
4177.jpg,sad
4199.jpg,surprise
4234.jpg,happy
4173.jpg,happy
4160.jpg,surprise
4207.jpg,contempt
4222.jpg,anger
4193.jpg,anger
4210.jpg,surprise
4227.jpg,fear
4262.jpg,sad
4258.jpg,disgust
4296.jpg,uncertain
4314.jpg,fear
4284.jpg,happy
4275.jpg,sad
4310.jpg,disgust
4257.jpg,neutral
4252.jpg,fear
4324.jpg,happy
4317.jpg,happy
4282.jpg,disgust
4255.jpg,disgust
4265.jpg,fear
4261.jpg,happy
4267.jpg,happy
4270.jpg,uncertain
4320.jpg,anger
4302.jpg,fear
4298.jpg,neutral
4281.jpg,surprise
4283.jpg,surprise
4326.jpg,sad
4303.jpg,contempt
4301.jpg,uncertain
4292.jpg,sad
4250.jpg,surprise
4289.jpg,fear
4288.jpg,anger
4304.jpg,surprise
4319.jpg,fear
4312.jpg,sad
4249.jpg,anger
4248.jpg,sad
4322.jpg,happy
4269.jpg,surprise
4300.jpg,sad
4311.jpg,anger
4272.jpg,surprise
4295.jpg,anger
4307.jpg,uncertain
4264.jpg,anger
4278.jpg,neutral
4285.jpg,disgust
4315.jpg,happy
4316.jpg,sad
4256.jpg,surprise
4279.jpg,surprise
4305.jpg,anger
4277.jpg,uncertain
4263.jpg,contempt
4291.jpg,uncertain
4259.jpg,contempt
4273.jpg,happy
4309.jpg,anger
4318.jpg,neutral
4253.jpg,happy
4327.jpg,happy
4299.jpg,surprise
4321.jpg,happy
4293.jpg,disgust
4308.jpg,fear
4268.jpg,anger
4323.jpg,fear
4297.jpg,sad
4287.jpg,sad
4306.jpg,sad
4271.jpg,sad
4313.jpg,surprise
4260.jpg,sad
4294.jpg,happy
4325.jpg,surprise
4266.jpg,happy
4286.jpg,anger
4274.jpg,uncertain
4328.jpg,anger
4276.jpg,sad
4280.jpg,neutral
4254.jpg,surprise
4251.jpg,anger
4290.jpg,anger
4394.jpg,surprise
4329.jpg,surprise
4362.jpg,surprise
4363.jpg,surprise
4346.jpg,uncertain
4352.jpg,neutral
4360.jpg,sad
4343.jpg,uncertain
4381.jpg,anger
4348.jpg,anger
4393.jpg,anger
4359.jpg,happy
4350.jpg,surprise
4405.jpg,happy
4391.jpg,disgust
4387.jpg,anger
4395.jpg,surprise
4369.jpg,happy
4344.jpg,happy
4345.jpg,happy
4400.jpg,neutral
4390.jpg,happy
4355.jpg,sad
4339.jpg,fear
4370.jpg,surprise
4368.jpg,sad
4372.jpg,contempt
4379.jpg,anger
4358.jpg,happy
4334.jpg,sad
4396.jpg,neutral
4357.jpg,anger
4349.jpg,surprise
4377.jpg,sad
4353.jpg,happy
4398.jpg,anger
4332.jpg,happy
4347.jpg,surprise
4384.jpg,anger
4365.jpg,happy
4389.jpg,sad
4340.jpg,fear
4338.jpg,sad
4341.jpg,anger
4336.jpg,uncertain
4371.jpg,surprise
4378.jpg,anger
4337.jpg,surprise
4376.jpg,happy
4366.jpg,anger
4335.jpg,anger
4367.jpg,fear
4342.jpg,happy
4386.jpg,anger
4364.jpg,disgust
4361.jpg,contempt
4406.jpg,surprise
4356.jpg,sad
4354.jpg,disgust
4383.jpg,surprise
4402.jpg,anger
4331.jpg,happy
4392.jpg,anger
4399.jpg,neutral
4385.jpg,happy
4397.jpg,neutral
4403.jpg,disgust
4351.jpg,neutral
4330.jpg,anger
4401.jpg,happy
4333.jpg,anger
4374.jpg,sad
4375.jpg,sad
4388.jpg,fear
4408.jpg,surprise
4380.jpg,uncertain
4404.jpg,surprise
4373.jpg,contempt
4407.jpg,sad
4382.jpg,surprise
4422.jpg,sad
4464.jpg,surprise
4418.jpg,happy
4443.jpg,sad
4429.jpg,neutral
4431.jpg,surprise
4410.jpg,anger
4437.jpg,contempt
4411.jpg,contempt
4439.jpg,neutral
4445.jpg,surprise
4432.jpg,sad
4425.jpg,uncertain
4463.jpg,uncertain
4446.jpg,neutral
4434.jpg,disgust
4467.jpg,uncertain
4452.jpg,anger
4444.jpg,anger
4419.jpg,happy
4424.jpg,happy
4450.jpg,sad
4427.jpg,anger
4430.jpg,anger
4438.jpg,anger
4414.jpg,sad
4461.jpg,contempt
4423.jpg,neutral
4415.jpg,contempt
4460.jpg,anger
4455.jpg,neutral
4441.jpg,anger
4413.jpg,sad
4451.jpg,disgust
4462.jpg,happy
4448.jpg,sad
4436.jpg,neutral
4465.jpg,disgust
4442.jpg,contempt
4454.jpg,sad
4417.jpg,anger
4420.jpg,surprise
4416.jpg,sad
4426.jpg,sad
4421.jpg,uncertain
4447.jpg,surprise
4440.jpg,disgust
4433.jpg,anger
4453.jpg,sad
4409.jpg,happy
4449.jpg,anger
4457.jpg,surprise
4459.jpg,disgust
4458.jpg,sad
4435.jpg,anger
4456.jpg,surprise
4466.jpg,neutral
4428.jpg,fear
4412.jpg,sad
4526.jpg,sad
4470.jpg,happy
4518.jpg,neutral
4473.jpg,uncertain
4513.jpg,anger
4479.jpg,surprise
4506.jpg,fear
4477.jpg,surprise
4525.jpg,neutral
4539.jpg,disgust
4530.jpg,neutral
4544.jpg,sad
4547.jpg,happy
4511.jpg,surprise
4475.jpg,sad
4471.jpg,sad
4521.jpg,sad
4515.jpg,neutral
4508.jpg,sad
4523.jpg,uncertain
4504.jpg,neutral
4528.jpg,neutral
4480.jpg,sad
4492.jpg,fear
4495.jpg,uncertain
4498.jpg,sad
4540.jpg,sad
4496.jpg,happy
4534.jpg,happy
4548.jpg,fear
4509.jpg,sad
4532.jpg,surprise
4545.jpg,surprise
4491.jpg,surprise
4519.jpg,happy
4481.jpg,fear
4510.jpg,anger
4546.jpg,anger
4514.jpg,sad
4474.jpg,neutral
4469.jpg,anger
4524.jpg,sad
4476.jpg,fear
4486.jpg,neutral
4472.jpg,contempt
4483.jpg,happy
4497.jpg,anger
4489.jpg,disgust
4536.jpg,sad
4543.jpg,sad
4527.jpg,neutral
4488.jpg,surprise
4482.jpg,surprise
4500.jpg,uncertain
4535.jpg,sad
4537.jpg,disgust
4533.jpg,neutral
4522.jpg,neutral
4516.jpg,happy
4512.jpg,surprise
4529.jpg,fear
4517.jpg,disgust
4494.jpg,anger
4487.jpg,surprise
4542.jpg,neutral
4520.jpg,anger
4501.jpg,surprise
4505.jpg,disgust
4541.jpg,surprise
4499.jpg,happy
4503.jpg,sad
4485.jpg,fear
4531.jpg,sad
4478.jpg,sad
4538.jpg,sad
4493.jpg,fear
4490.jpg,anger
4507.jpg,sad
4484.jpg,neutral
4468.jpg,happy
4502.jpg,fear
4593.jpg,fear
4587.jpg,disgust
4608.jpg,sad
4616.jpg,happy
4620.jpg,sad
4564.jpg,surprise
4624.jpg,fear
4575.jpg,neutral
4573.jpg,sad
4558.jpg,contempt
4556.jpg,neutral
4617.jpg,sad
4579.jpg,surprise
4625.jpg,disgust
4621.jpg,contempt
4551.jpg,neutral
4623.jpg,fear
4590.jpg,uncertain
4581.jpg,surprise
4577.jpg,sad
4622.jpg,sad
4572.jpg,anger
4566.jpg,sad
4560.jpg,sad
4559.jpg,disgust
4582.jpg,sad
4603.jpg,anger
4605.jpg,disgust
4615.jpg,sad
4584.jpg,neutral
4586.jpg,surprise
4609.jpg,uncertain
4552.jpg,neutral
4571.jpg,surprise
4606.jpg,sad
4602.jpg,sad
4570.jpg,sad
4554.jpg,disgust
4561.jpg,fear
4610.jpg,sad
4594.jpg,happy
4583.jpg,anger
4563.jpg,sad
4557.jpg,sad
4612.jpg,uncertain
4574.jpg,happy
4596.jpg,anger
4611.jpg,disgust
4599.jpg,fear
4600.jpg,surprise
4565.jpg,disgust
4562.jpg,contempt
4626.jpg,happy
4592.jpg,neutral
4568.jpg,sad
4576.jpg,neutral
4604.jpg,sad
4578.jpg,sad
4549.jpg,fear
4618.jpg,disgust
4553.jpg,fear
4619.jpg,surprise
4567.jpg,fear
4569.jpg,fear
4555.jpg,anger
4613.jpg,uncertain
4614.jpg,sad
4585.jpg,surprise
4601.jpg,anger
4598.jpg,neutral
4580.jpg,neutral
4597.jpg,neutral
4595.jpg,surprise
4550.jpg,fear
4607.jpg,happy
4588.jpg,anger
4591.jpg,fear
4589.jpg,sad
4630.jpg,sad
4659.jpg,sad
4628.jpg,fear
4672.jpg,disgust
4689.jpg,surprise
4683.jpg,contempt
4643.jpg,neutral
4642.jpg,fear
4673.jpg,happy
4644.jpg,sad
4692.jpg,anger
4647.jpg,contempt
4705.jpg,sad
4629.jpg,fear
4655.jpg,contempt
4650.jpg,anger
4702.jpg,happy
4695.jpg,contempt
4637.jpg,surprise
4670.jpg,happy
4658.jpg,neutral
4693.jpg,contempt
4700.jpg,fear
4634.jpg,neutral
4640.jpg,uncertain
4633.jpg,anger
4661.jpg,surprise
4708.jpg,contempt
4665.jpg,anger
4696.jpg,surprise
4639.jpg,contempt
4699.jpg,happy
4669.jpg,neutral
4704.jpg,sad
4690.jpg,fear
4645.jpg,disgust
4666.jpg,neutral
4678.jpg,surprise
4638.jpg,contempt
4706.jpg,fear
4687.jpg,sad
4646.jpg,happy
4679.jpg,surprise
4632.jpg,happy
4709.jpg,disgust
4675.jpg,sad
4681.jpg,anger
4668.jpg,surprise
4685.jpg,neutral
4649.jpg,uncertain
4667.jpg,sad
4664.jpg,sad
4710.jpg,neutral
4660.jpg,neutral
4653.jpg,surprise
4677.jpg,happy
4701.jpg,surprise
4680.jpg,surprise
4691.jpg,anger
4676.jpg,surprise
4641.jpg,neutral
4703.jpg,anger
4652.jpg,surprise
4627.jpg,neutral
4707.jpg,neutral
4663.jpg,sad
4682.jpg,neutral
4631.jpg,surprise
4674.jpg,fear
4697.jpg,surprise
4688.jpg,contempt
4651.jpg,anger
4657.jpg,sad
4648.jpg,happy
4684.jpg,anger
4694.jpg,sad
4698.jpg,neutral
4656.jpg,anger
4654.jpg,happy
4636.jpg,disgust
4662.jpg,sad
4635.jpg,neutral
4671.jpg,anger
4686.jpg,fear
4740.jpg,fear
4767.jpg,surprise
4757.jpg,sad
4762.jpg,happy
4737.jpg,sad
4750.jpg,surprise
4720.jpg,surprise
4718.jpg,neutral
4735.jpg,neutral
4729.jpg,happy
4712.jpg,neutral
4723.jpg,anger
4736.jpg,anger
4760.jpg,surprise
4749.jpg,anger
4770.jpg,sad
4772.jpg,neutral
4742.jpg,uncertain
4730.jpg,happy
4758.jpg,surprise
4761.jpg,sad
4724.jpg,happy
4733.jpg,anger
4739.jpg,neutral
4713.jpg,anger
4766.jpg,contempt
4715.jpg,surprise
4734.jpg,sad
4727.jpg,anger
4744.jpg,anger
4755.jpg,happy
4765.jpg,sad
4754.jpg,surprise
4728.jpg,sad
4752.jpg,uncertain
4763.jpg,anger
4743.jpg,uncertain
4711.jpg,sad
4721.jpg,disgust
4751.jpg,uncertain
4722.jpg,uncertain
4771.jpg,anger
4773.jpg,surprise
4764.jpg,sad
4775.jpg,neutral
4717.jpg,sad
4774.jpg,neutral
4725.jpg,disgust
4731.jpg,anger
4732.jpg,contempt
4714.jpg,anger
4759.jpg,sad
4726.jpg,neutral
4716.jpg,anger
4748.jpg,surprise
4768.jpg,fear
4738.jpg,uncertain
4769.jpg,fear
4745.jpg,sad
4741.jpg,uncertain
4753.jpg,neutral
4756.jpg,sad
4719.jpg,sad
4747.jpg,neutral
4746.jpg,anger
4793.jpg,fear
4813.jpg,disgust
4836.jpg,anger
4805.jpg,happy
4837.jpg,happy
4782.jpg,surprise
4783.jpg,contempt
4817.jpg,happy
4809.jpg,sad
4807.jpg,anger
4833.jpg,sad
4828.jpg,fear
4840.jpg,surprise
4835.jpg,happy
4811.jpg,sad
4838.jpg,neutral
4841.jpg,neutral
4846.jpg,sad
4795.jpg,surprise
4845.jpg,happy
4803.jpg,sad
4847.jpg,sad
4802.jpg,neutral
4816.jpg,sad
4822.jpg,happy
4806.jpg,surprise
4814.jpg,sad
4788.jpg,fear
4794.jpg,surprise
4798.jpg,sad
4827.jpg,fear
4778.jpg,happy
4819.jpg,uncertain
4821.jpg,neutral
4818.jpg,happy
4786.jpg,happy
4789.jpg,anger
4832.jpg,neutral
4829.jpg,disgust
4792.jpg,surprise
4815.jpg,anger
4843.jpg,fear
4781.jpg,happy
4796.jpg,happy
4784.jpg,anger
4830.jpg,sad
4799.jpg,neutral
4785.jpg,sad
4804.jpg,anger
4812.jpg,surprise
4808.jpg,sad
4776.jpg,disgust
4780.jpg,sad
4839.jpg,anger
4834.jpg,surprise
4779.jpg,sad
4797.jpg,happy
4825.jpg,sad
4826.jpg,anger
4790.jpg,anger
4842.jpg,sad
4800.jpg,neutral
4777.jpg,neutral
4810.jpg,neutral
4844.jpg,fear
4801.jpg,happy
4820.jpg,happy
4823.jpg,anger
4791.jpg,anger
4824.jpg,fear
4787.jpg,sad
4831.jpg,sad
4866.jpg,surprise
4881.jpg,anger
4864.jpg,happy
4851.jpg,happy
4857.jpg,anger
4901.jpg,neutral
4896.jpg,sad
4855.jpg,surprise
4884.jpg,anger
4882.jpg,surprise
4852.jpg,uncertain
4863.jpg,sad
4850.jpg,sad
4867.jpg,uncertain
4918.jpg,happy
4871.jpg,neutral
4903.jpg,sad
4895.jpg,neutral
4913.jpg,neutral
4869.jpg,sad
4856.jpg,uncertain
4908.jpg,sad
4861.jpg,anger
4904.jpg,uncertain
4872.jpg,fear
4898.jpg,sad
4887.jpg,fear
4894.jpg,surprise
4886.jpg,sad
4912.jpg,fear
4849.jpg,sad
4878.jpg,neutral
4893.jpg,happy
4889.jpg,surprise
4902.jpg,uncertain
4888.jpg,anger
4859.jpg,happy
4917.jpg,sad
4879.jpg,surprise
4868.jpg,neutral
4909.jpg,disgust
4875.jpg,neutral
4897.jpg,happy
4890.jpg,anger
4853.jpg,surprise
4911.jpg,anger
4907.jpg,neutral
4914.jpg,happy
4870.jpg,neutral
4873.jpg,anger
4915.jpg,anger
4858.jpg,disgust
4862.jpg,contempt
4877.jpg,surprise
4905.jpg,anger
4906.jpg,neutral
4899.jpg,contempt
4910.jpg,surprise
4854.jpg,sad
4891.jpg,surprise
4876.jpg,sad
4865.jpg,sad
4883.jpg,happy
4860.jpg,surprise
4874.jpg,uncertain
4916.jpg,neutral
4848.jpg,happy
4885.jpg,neutral
4880.jpg,surprise
4892.jpg,anger
4900.jpg,disgust
4923.jpg,surprise
4987.jpg,anger
4936.jpg,anger
4944.jpg,surprise
4951.jpg,sad
4958.jpg,happy
4985.jpg,sad
4964.jpg,surprise
4966.jpg,neutral
4933.jpg,contempt
4934.jpg,surprise
4976.jpg,happy
4971.jpg,uncertain
4952.jpg,fear
4975.jpg,contempt
4970.jpg,uncertain
4978.jpg,surprise
4957.jpg,anger
4969.jpg,happy
4924.jpg,sad
4994.jpg,sad
4945.jpg,fear
4988.jpg,surprise
4925.jpg,contempt
4935.jpg,surprise
4989.jpg,surprise
4932.jpg,sad
4984.jpg,neutral
4921.jpg,surprise
4948.jpg,neutral
4955.jpg,uncertain
4946.jpg,happy
4938.jpg,fear
4928.jpg,sad
4973.jpg,sad
4931.jpg,sad
4986.jpg,uncertain
4922.jpg,uncertain
4967.jpg,anger
4993.jpg,sad
4965.jpg,anger
4947.jpg,sad
4982.jpg,uncertain
4968.jpg,anger
4930.jpg,disgust
4983.jpg,sad
4942.jpg,neutral
4950.jpg,disgust
4939.jpg,happy
4992.jpg,contempt
4980.jpg,anger
4929.jpg,surprise
4920.jpg,anger
4954.jpg,anger
4972.jpg,surprise
4996.jpg,fear
4953.jpg,surprise
4919.jpg,anger
4991.jpg,anger
4979.jpg,anger
4940.jpg,surprise
4995.jpg,surprise
4990.jpg,sad
4943.jpg,neutral
4981.jpg,neutral
4927.jpg,contempt
4977.jpg,happy
4956.jpg,happy
4974.jpg,happy
4937.jpg,uncertain
4960.jpg,anger
4961.jpg,neutral
4959.jpg,contempt
4962.jpg,surprise
4926.jpg,anger
4949.jpg,fear
4963.jpg,anger
4941.jpg,contempt
4999.jpg,contempt
4998.jpg,sad
4997.jpg,surprise
2996.jpg,anger
3064.jpg,sad
3056.jpg,anger
3020.jpg,neutral
3034.jpg,sad
3070.jpg,surprise
3051.jpg,happy
3007.jpg,surprise
3011.jpg,anger
2994.jpg,anger
3012.jpg,fear
3049.jpg,neutral
2998.jpg,fear
3009.jpg,anger
3018.jpg,sad
3013.jpg,sad
3045.jpg,happy
2992.jpg,happy
3062.jpg,sad
3055.jpg,sad
3032.jpg,sad
3002.jpg,sad
2989.jpg,anger
3010.jpg,fear
3066.jpg,fear
3041.jpg,contempt
3042.jpg,disgust
3057.jpg,sad
3050.jpg,surprise
3023.jpg,fear
3016.jpg,neutral
3024.jpg,anger
3021.jpg,neutral
3037.jpg,disgust
3048.jpg,neutral
3060.jpg,surprise
3025.jpg,fear
3027.jpg,fear
3065.jpg,surprise
3000.jpg,happy
3019.jpg,happy
3035.jpg,happy
3017.jpg,surprise
3006.jpg,anger
3047.jpg,surprise
2995.jpg,happy
3052.jpg,uncertain
3026.jpg,sad
3046.jpg,surprise
3063.jpg,contempt
3043.jpg,disgust
3015.jpg,happy
3068.jpg,happy
3030.jpg,anger
3054.jpg,surprise
3004.jpg,uncertain
3029.jpg,surprise
3061.jpg,sad
3069.jpg,surprise
3031.jpg,uncertain
2999.jpg,neutral
3003.jpg,surprise
3036.jpg,disgust
3039.jpg,neutral
3053.jpg,surprise
3067.jpg,surprise
3038.jpg,uncertain
3028.jpg,sad
3022.jpg,surprise
2997.jpg,anger
3059.jpg,anger
3083.jpg,fear
3097.jpg,contempt
3101.jpg,sad
3095.jpg,contempt
3112.jpg,anger
3096.jpg,happy
3082.jpg,surprise
3102.jpg,neutral
3081.jpg,fear
3103.jpg,surprise
3076.jpg,disgust
3084.jpg,neutral
3093.jpg,anger
3104.jpg,anger
3111.jpg,happy
3098.jpg,disgust
3073.jpg,happy
3087.jpg,happy
3105.jpg,happy
3106.jpg,fear
3074.jpg,anger
3085.jpg,sad
3080.jpg,surprise
3086.jpg,sad
3075.jpg,happy
3114.jpg,uncertain
3108.jpg,uncertain
3100.jpg,anger
3092.jpg,neutral
3107.jpg,sad
3115.jpg,surprise
3110.jpg,surprise
3116.jpg,anger
3079.jpg,anger
3077.jpg,happy
3089.jpg,surprise
3094.jpg,happy
3090.jpg,fear
3072.jpg,happy
3088.jpg,surprise
3091.jpg,happy
3109.jpg,contempt
3078.jpg,uncertain
3113.jpg,anger
3099.jpg,contempt
3071.jpg,happy
3153.jpg,fear
3137.jpg,anger
3121.jpg,happy
3133.jpg,uncertain
3141.jpg,contempt
3144.jpg,contempt
3164.jpg,anger
3134.jpg,uncertain
3120.jpg,surprise
3146.jpg,neutral
3154.jpg,anger
3126.jpg,happy
3139.jpg,neutral
3122.jpg,fear
3155.jpg,sad
3132.jpg,happy
3136.jpg,happy
3131.jpg,surprise
3124.jpg,surprise
3163.jpg,sad
3138.jpg,sad
3162.jpg,uncertain
3128.jpg,contempt
3125.jpg,surprise
3150.jpg,fear
3151.jpg,neutral
3148.jpg,surprise
3158.jpg,neutral
3130.jpg,surprise
3149.jpg,surprise
3145.jpg,fear
3140.jpg,disgust
3156.jpg,fear
3152.jpg,disgust
3123.jpg,happy
3118.jpg,fear
3157.jpg,surprise
3142.jpg,surprise
3160.jpg,surprise
3147.jpg,sad
3135.jpg,fear
3129.jpg,fear
3127.jpg,surprise
3119.jpg,surprise
3117.jpg,happy
3161.jpg,surprise
3143.jpg,disgust
3159.jpg,neutral
3245.jpg,anger
3196.jpg,surprise
3211.jpg,uncertain
3188.jpg,happy
3174.jpg,disgust
3201.jpg,surprise
3170.jpg,uncertain
3237.jpg,anger
3209.jpg,disgust
3176.jpg,happy
3177.jpg,anger
3182.jpg,anger
3166.jpg,fear
3239.jpg,surprise
3228.jpg,anger
3203.jpg,neutral
3235.jpg,sad
3172.jpg,neutral
3191.jpg,anger
3238.jpg,surprise
3229.jpg,neutral
3224.jpg,happy
3205.jpg,neutral
3189.jpg,anger
3165.jpg,happy
3222.jpg,surprise
3175.jpg,uncertain
3195.jpg,contempt
3207.jpg,anger
3187.jpg,disgust
3226.jpg,surprise
3242.jpg,surprise
3215.jpg,sad
3171.jpg,fear
3246.jpg,happy
3197.jpg,anger
3234.jpg,happy
3243.jpg,surprise
3193.jpg,happy
3240.jpg,disgust
3183.jpg,happy
3192.jpg,happy
3179.jpg,neutral
3233.jpg,sad
3200.jpg,surprise
3168.jpg,anger
3230.jpg,happy
3244.jpg,surprise
3223.jpg,surprise
3198.jpg,sad
3169.jpg,anger
3173.jpg,anger
3178.jpg,anger
3199.jpg,anger
3194.jpg,happy
3221.jpg,anger
3218.jpg,sad
3220.jpg,sad
3181.jpg,surprise
3204.jpg,neutral
3208.jpg,contempt
3190.jpg,happy
3232.jpg,fear
3185.jpg,anger
3241.jpg,fear
3231.jpg,sad
3167.jpg,happy
3217.jpg,anger
3206.jpg,fear
3202.jpg,sad
3213.jpg,sad
3219.jpg,contempt
3227.jpg,sad
3180.jpg,surprise
3225.jpg,neutral
3236.jpg,anger
3210.jpg,sad
3214.jpg,surprise
3186.jpg,surprise
3216.jpg,sad
3247.jpg,sad
3212.jpg,sad
3184.jpg,anger
3272.jpg,anger
3269.jpg,sad
3304.jpg,happy
3307.jpg,sad
3294.jpg,sad
3283.jpg,fear
3308.jpg,surprise
3255.jpg,anger
3305.jpg,contempt
3262.jpg,surprise
3275.jpg,surprise
3284.jpg,uncertain
3270.jpg,happy
3271.jpg,anger
3297.jpg,fear
3300.jpg,anger
3259.jpg,happy
3254.jpg,neutral
3290.jpg,fear
3302.jpg,happy
3266.jpg,anger
3298.jpg,sad
3276.jpg,fear
3280.jpg,fear
3250.jpg,sad
3287.jpg,fear
3301.jpg,neutral
3260.jpg,neutral
3288.jpg,anger
3265.jpg,surprise
3273.jpg,fear
3310.jpg,surprise
3303.jpg,anger
3289.jpg,surprise
3306.jpg,neutral
3282.jpg,happy
3248.jpg,anger
3296.jpg,sad
3274.jpg,uncertain
3249.jpg,contempt
3279.jpg,surprise
3286.jpg,surprise
3263.jpg,happy
3261.jpg,surprise
3267.jpg,uncertain
3252.jpg,happy
3281.jpg,sad
3258.jpg,sad
3291.jpg,neutral
3268.jpg,neutral
3278.jpg,anger
3285.jpg,sad
3253.jpg,sad
3264.jpg,contempt
3295.jpg,anger
3251.jpg,happy
3277.jpg,surprise
3257.jpg,surprise
3292.jpg,fear
3309.jpg,sad
3293.jpg,happy
3256.jpg,happy
3299.jpg,anger
3339.jpg,surprise
3360.jpg,sad
3342.jpg,contempt
3333.jpg,uncertain
3384.jpg,surprise
3363.jpg,surprise
3344.jpg,surprise
3378.jpg,anger
3316.jpg,sad
3380.jpg,anger
3394.jpg,sad
3332.jpg,anger
3312.jpg,surprise
3347.jpg,happy
3315.jpg,sad
3389.jpg,neutral
3375.jpg,sad
3351.jpg,neutral
3370.jpg,surprise
3326.jpg,surprise
3371.jpg,neutral
3373.jpg,neutral
3385.jpg,uncertain
3393.jpg,sad
3314.jpg,happy
3328.jpg,surprise
3352.jpg,surprise
3338.jpg,neutral
3313.jpg,sad
3364.jpg,sad
3372.jpg,surprise
3353.jpg,surprise
3343.jpg,surprise
3323.jpg,happy
3350.jpg,neutral
3387.jpg,neutral
3325.jpg,anger
3362.jpg,fear
3334.jpg,surprise
3359.jpg,contempt
3331.jpg,surprise
3337.jpg,sad
3388.jpg,surprise
3341.jpg,surprise
3327.jpg,happy
3383.jpg,anger
3354.jpg,sad
3379.jpg,surprise
3355.jpg,neutral
3376.jpg,contempt
3361.jpg,neutral
3335.jpg,neutral
3320.jpg,sad
3392.jpg,sad
3311.jpg,happy
3396.jpg,contempt
3382.jpg,neutral
3365.jpg,sad
3346.jpg,sad
3381.jpg,sad
3322.jpg,surprise
3321.jpg,surprise
3366.jpg,happy
3329.jpg,surprise
3317.jpg,neutral
3395.jpg,neutral
3386.jpg,happy
3368.jpg,sad
3374.jpg,contempt
3324.jpg,sad
3390.jpg,fear
3377.jpg,surprise
3391.jpg,happy
3369.jpg,surprise
3345.jpg,happy
3349.jpg,surprise
3356.jpg,anger
3397.jpg,surprise
3336.jpg,anger
3358.jpg,happy
3340.jpg,disgust
3367.jpg,fear
3357.jpg,neutral
3348.jpg,sad
3330.jpg,surprise
3319.jpg,sad
3318.jpg,surprise
3450.jpg,surprise
3430.jpg,surprise
3442.jpg,fear
3472.jpg,uncertain
3411.jpg,neutral
3403.jpg,sad
3481.jpg,neutral
3408.jpg,anger
3425.jpg,uncertain
3436.jpg,fear
3451.jpg,fear
3440.jpg,neutral
3431.jpg,uncertain
3456.jpg,happy
3477.jpg,surprise
3399.jpg,sad
3460.jpg,happy
3459.jpg,uncertain
3405.jpg,happy
3417.jpg,sad
3427.jpg,happy
3467.jpg,sad
3464.jpg,anger
3466.jpg,anger
3470.jpg,surprise
3418.jpg,anger
3434.jpg,sad
3415.jpg,surprise
3474.jpg,sad
3444.jpg,neutral
3432.jpg,sad
3469.jpg,anger
3447.jpg,surprise
3482.jpg,surprise
3398.jpg,anger
3463.jpg,contempt
3476.jpg,anger
3413.jpg,sad
3435.jpg,happy
3439.jpg,happy
3429.jpg,disgust
3409.jpg,sad
3443.jpg,sad
3410.jpg,anger
3412.jpg,happy
3419.jpg,disgust
3441.jpg,contempt
3453.jpg,sad
3465.jpg,contempt
3461.jpg,surprise
3428.jpg,anger
3478.jpg,sad
3426.jpg,happy
3462.jpg,neutral
3406.jpg,sad
3454.jpg,sad
3404.jpg,happy
3480.jpg,surprise
3446.jpg,happy
3437.jpg,contempt
3421.jpg,surprise
3438.jpg,neutral
3457.jpg,surprise
3422.jpg,disgust
3448.jpg,surprise
3452.jpg,uncertain
3423.jpg,anger
3471.jpg,surprise
3400.jpg,surprise
3468.jpg,contempt
3473.jpg,surprise
3433.jpg,disgust
3414.jpg,sad
3416.jpg,surprise
3455.jpg,fear
3458.jpg,sad
3475.jpg,surprise
3424.jpg,surprise
3402.jpg,anger
3401.jpg,anger
3449.jpg,surprise
3407.jpg,disgust
3479.jpg,fear
3420.jpg,fear
3445.jpg,anger
3542.jpg,sad
3563.jpg,fear
3511.jpg,fear
3503.jpg,sad
3528.jpg,sad
3521.jpg,disgust
3570.jpg,uncertain
3577.jpg,surprise
3576.jpg,surprise
3524.jpg,happy
3516.jpg,contempt
3564.jpg,surprise
3489.jpg,happy
3547.jpg,surprise
3568.jpg,neutral
3560.jpg,fear
3567.jpg,fear
3554.jpg,neutral
3498.jpg,surprise
3532.jpg,surprise
3539.jpg,uncertain
3491.jpg,surprise
3572.jpg,fear
3551.jpg,surprise
3562.jpg,sad
3501.jpg,happy
3527.jpg,disgust
3557.jpg,contempt
3493.jpg,neutral
3559.jpg,sad
3549.jpg,happy
3513.jpg,sad
3569.jpg,sad
3506.jpg,contempt
3507.jpg,fear
3495.jpg,happy
3526.jpg,surprise
3523.jpg,sad
3484.jpg,neutral
3556.jpg,anger
3490.jpg,surprise
3538.jpg,uncertain
3545.jpg,happy
3553.jpg,anger
3565.jpg,sad
3573.jpg,happy
3518.jpg,disgust
3552.jpg,contempt
3514.jpg,neutral
3580.jpg,neutral
3522.jpg,contempt
3508.jpg,surprise
3517.jpg,neutral
3488.jpg,happy
3541.jpg,surprise
3497.jpg,surprise
3578.jpg,neutral
3483.jpg,neutral
3550.jpg,neutral
3502.jpg,happy
3540.jpg,surprise
3485.jpg,happy
3520.jpg,happy
3579.jpg,contempt
3544.jpg,surprise
3566.jpg,fear
3555.jpg,contempt
3500.jpg,surprise
3530.jpg,anger
3537.jpg,uncertain
3515.jpg,sad
3543.jpg,disgust
3581.jpg,sad
3492.jpg,surprise
3505.jpg,anger
3504.jpg,happy
3499.jpg,fear
3546.jpg,anger
3558.jpg,sad
3548.jpg,sad
3536.jpg,sad
3519.jpg,disgust
3529.jpg,fear
3534.jpg,fear
3496.jpg,happy
3486.jpg,happy
3574.jpg,uncertain
3494.jpg,uncertain
3575.jpg,contempt
3525.jpg,surprise
3531.jpg,sad
3509.jpg,neutral
3561.jpg,sad
3535.jpg,neutral
3571.jpg,sad
3512.jpg,sad
3533.jpg,neutral
3510.jpg,contempt
3487.jpg,surprise
3663.jpg,sad
3665.jpg,disgust
3609.jpg,neutral
3599.jpg,sad
3656.jpg,contempt
3617.jpg,neutral
3667.jpg,anger
3604.jpg,sad
3619.jpg,anger
3587.jpg,sad
3625.jpg,happy
3589.jpg,sad
3653.jpg,sad
3649.jpg,happy
3582.jpg,neutral
3660.jpg,disgust
3637.jpg,surprise
3590.jpg,happy
3612.jpg,sad
3584.jpg,anger
3633.jpg,neutral
3591.jpg,uncertain
3586.jpg,contempt
3596.jpg,anger
3620.jpg,uncertain
3648.jpg,happy
3616.jpg,surprise
3602.jpg,anger
3645.jpg,happy
3641.jpg,contempt
3594.jpg,happy
3624.jpg,neutral
3592.jpg,surprise
3669.jpg,sad
3651.jpg,neutral
3632.jpg,anger
3652.jpg,sad
3636.jpg,anger
3605.jpg,neutral
3603.jpg,surprise
3588.jpg,anger
3647.jpg,surprise
3614.jpg,sad
3606.jpg,fear
3671.jpg,sad
3597.jpg,sad
3666.jpg,uncertain
3595.jpg,happy
3668.jpg,anger
3622.jpg,surprise
3631.jpg,surprise
3608.jpg,happy
3650.jpg,happy
3618.jpg,fear
3615.jpg,uncertain
3610.jpg,happy
3628.jpg,sad
3644.jpg,anger
3583.jpg,anger
3611.jpg,sad
3626.jpg,sad
3640.jpg,neutral
3601.jpg,contempt
3627.jpg,happy
3646.jpg,happy
3598.jpg,happy
3659.jpg,anger
3629.jpg,sad
3661.jpg,happy
3657.jpg,anger
3585.jpg,surprise
3634.jpg,sad
3600.jpg,sad
3658.jpg,sad
3623.jpg,happy
3635.jpg,surprise
3630.jpg,anger
3655.jpg,surprise
3613.jpg,fear
3638.jpg,sad
3664.jpg,surprise
3607.jpg,anger
3639.jpg,disgust
3662.jpg,anger
3670.jpg,fear
3643.jpg,uncertain
3621.jpg,anger
3654.jpg,surprise
3593.jpg,sad
3642.jpg,disgust
3748.jpg,fear
3724.jpg,sad
3694.jpg,sad
3740.jpg,disgust
3719.jpg,fear
3741.jpg,surprise
3700.jpg,contempt
3737.jpg,happy
3730.jpg,anger
3752.jpg,sad
3704.jpg,neutral
3705.jpg,disgust
3676.jpg,neutral
3703.jpg,neutral
3685.jpg,anger
3678.jpg,sad
3680.jpg,surprise
3726.jpg,sad
3713.jpg,anger
3672.jpg,contempt
3725.jpg,sad
3695.jpg,anger
3681.jpg,uncertain
3714.jpg,sad
3718.jpg,fear
3696.jpg,sad
3722.jpg,anger
3702.jpg,surprise
3674.jpg,fear
3727.jpg,neutral
3712.jpg,surprise
3698.jpg,anger
3749.jpg,sad
3728.jpg,sad
3701.jpg,happy
3744.jpg,anger
3689.jpg,surprise
3750.jpg,surprise
3679.jpg,anger
3683.jpg,neutral
3687.jpg,disgust
3699.jpg,neutral
3732.jpg,neutral
3715.jpg,neutral
3675.jpg,neutral
3684.jpg,fear
3688.jpg,happy
3729.jpg,neutral
3692.jpg,disgust
3686.jpg,anger
3747.jpg,sad
3720.jpg,neutral
3723.jpg,fear
3708.jpg,sad
3706.jpg,contempt
3746.jpg,disgust
3738.jpg,fear
3677.jpg,anger
3721.jpg,anger
3736.jpg,fear
3710.jpg,uncertain
3735.jpg,anger
3751.jpg,surprise
3673.jpg,neutral
3690.jpg,sad
3716.jpg,surprise
3682.jpg,anger
3731.jpg,uncertain
3691.jpg,surprise
3717.jpg,anger
3697.jpg,neutral
3739.jpg,sad
3709.jpg,sad
3733.jpg,sad
3734.jpg,disgust
3711.jpg,anger
3743.jpg,anger
3707.jpg,happy
3693.jpg,happy
3742.jpg,sad
3745.jpg,sad
3782.jpg,happy
3817.jpg,fear
3835.jpg,surprise
3793.jpg,happy
3822.jpg,uncertain
3791.jpg,uncertain
3790.jpg,surprise
3787.jpg,surprise
3810.jpg,surprise
3808.jpg,happy
3815.jpg,anger
3845.jpg,fear
3821.jpg,surprise
3759.jpg,neutral
3800.jpg,contempt
3847.jpg,happy
3843.jpg,anger
3840.jpg,fear
3777.jpg,sad
3838.jpg,neutral
3844.jpg,neutral
3824.jpg,happy
3772.jpg,disgust
3832.jpg,neutral
3834.jpg,surprise
3783.jpg,uncertain
3795.jpg,fear
3831.jpg,surprise
3792.jpg,surprise
3839.jpg,happy
3760.jpg,sad
3769.jpg,surprise
3806.jpg,uncertain
3837.jpg,anger
3830.jpg,anger
3829.jpg,surprise
3827.jpg,surprise
3805.jpg,disgust
3807.jpg,neutral
3836.jpg,neutral
3756.jpg,happy
3778.jpg,happy
3804.jpg,fear
3820.jpg,anger
3846.jpg,sad
3828.jpg,anger
3812.jpg,anger
3841.jpg,uncertain
3849.jpg,sad
3776.jpg,surprise
3768.jpg,surprise
3770.jpg,happy
3758.jpg,neutral
3774.jpg,neutral
3794.jpg,sad
3786.jpg,anger
3799.jpg,anger
3773.jpg,sad
3826.jpg,anger
3848.jpg,disgust
3785.jpg,surprise
3761.jpg,sad
3816.jpg,anger
3803.jpg,fear
3825.jpg,happy
3757.jpg,neutral
3811.jpg,uncertain
3755.jpg,surprise
3842.jpg,sad
3754.jpg,neutral
3819.jpg,anger
3753.jpg,anger
3818.jpg,surprise
3798.jpg,surprise
3784.jpg,surprise
3779.jpg,uncertain
3814.jpg,disgust
3763.jpg,surprise
3788.jpg,sad
3762.jpg,contempt
3781.jpg,anger
3797.jpg,sad
3833.jpg,surprise
3767.jpg,surprise
3780.jpg,sad
3802.jpg,sad
3771.jpg,anger
3789.jpg,sad
3823.jpg,fear
3765.jpg,fear
3775.jpg,disgust
3813.jpg,happy
3796.jpg,anger
3766.jpg,anger
3801.jpg,surprise
3809.jpg,sad
3764.jpg,surprise
3897.jpg,neutral
3850.jpg,fear
3899.jpg,anger
3915.jpg,anger
3871.jpg,sad
3861.jpg,happy
3857.jpg,surprise
3892.jpg,neutral
3875.jpg,anger
3898.jpg,surprise
3887.jpg,sad
3890.jpg,surprise
3914.jpg,neutral
3868.jpg,contempt
3906.jpg,sad
3888.jpg,happy
3855.jpg,sad
3865.jpg,uncertain
3904.jpg,neutral
3910.jpg,happy
3853.jpg,neutral
3873.jpg,happy
3909.jpg,neutral
3895.jpg,sad
3905.jpg,neutral
3912.jpg,sad
3877.jpg,fear
3867.jpg,uncertain
3880.jpg,sad
3900.jpg,neutral
3884.jpg,surprise
3886.jpg,anger
3901.jpg,happy
3858.jpg,sad
3891.jpg,happy
3903.jpg,uncertain
3870.jpg,happy
3902.jpg,neutral
3879.jpg,anger
3859.jpg,uncertain
3854.jpg,sad
3881.jpg,anger
3856.jpg,anger
3852.jpg,fear
3885.jpg,sad
3864.jpg,sad
3876.jpg,anger
3862.jpg,happy
3896.jpg,disgust
3863.jpg,anger
3851.jpg,anger
3883.jpg,anger
3894.jpg,sad
3913.jpg,sad
3893.jpg,sad
3869.jpg,sad
3882.jpg,anger
3872.jpg,surprise
3889.jpg,sad
3917.jpg,neutral
3878.jpg,fear
3874.jpg,surprise
3907.jpg,anger
3916.jpg,uncertain
3908.jpg,contempt
3866.jpg,fear
3911.jpg,surprise
3860.jpg,anger
3938.jpg,happy
3941.jpg,uncertain
3960.jpg,contempt
3933.jpg,neutral
3961.jpg,sad
3971.jpg,happy
3930.jpg,neutral
3937.jpg,anger
3987.jpg,contempt
3965.jpg,sad
3932.jpg,surprise
3973.jpg,happy
3953.jpg,sad
3935.jpg,surprise
3980.jpg,disgust
3923.jpg,surprise
3929.jpg,neutral
3981.jpg,surprise
3920.jpg,uncertain
3970.jpg,uncertain
3946.jpg,anger
3956.jpg,surprise
3928.jpg,sad
3944.jpg,neutral
3967.jpg,sad
3979.jpg,uncertain
3919.jpg,sad
3955.jpg,surprise
3931.jpg,sad
3952.jpg,anger
3943.jpg,contempt
3974.jpg,anger
3924.jpg,neutral
3976.jpg,happy
3947.jpg,fear
3983.jpg,surprise
3962.jpg,sad
3957.jpg,surprise
3951.jpg,uncertain
3959.jpg,sad
3949.jpg,contempt
3985.jpg,sad
3958.jpg,disgust
3950.jpg,surprise
3945.jpg,anger
3984.jpg,sad
3934.jpg,anger
3948.jpg,anger
3972.jpg,contempt
3977.jpg,uncertain
3954.jpg,disgust
3918.jpg,sad
3942.jpg,uncertain
3925.jpg,sad
3982.jpg,neutral
3936.jpg,neutral
3940.jpg,contempt
3986.jpg,uncertain
3926.jpg,happy
3969.jpg,anger
3939.jpg,happy
3964.jpg,sad
3968.jpg,anger
3975.jpg,neutral
3966.jpg,disgust
3927.jpg,disgust
3922.jpg,neutral
3978.jpg,sad
3921.jpg,surprise
3963.jpg,surprise
4020.jpg,happy
4012.jpg,uncertain
4008.jpg,sad
4044.jpg,anger
4007.jpg,neutral
4017.jpg,anger
4046.jpg,happy
3998.jpg,happy
4032.jpg,anger
3991.jpg,sad
4025.jpg,happy
4023.jpg,sad
2022.jpg,happy
2018.jpg,anger
2010.jpg,disgust
1988.jpg,anger
1997.jpg,surprise
1978.jpg,happy
2015.jpg,happy
1968.jpg,neutral
1971.jpg,neutral
1985.jpg,sad
2030.jpg,sad
1992.jpg,sad
2026.jpg,uncertain
2000.jpg,fear
2012.jpg,happy
1989.jpg,sad
1974.jpg,happy
2021.jpg,uncertain
1996.jpg,sad
2001.jpg,disgust
2034.jpg,uncertain
2007.jpg,neutral
1987.jpg,anger
1966.jpg,neutral
2005.jpg,happy
2033.jpg,sad
2009.jpg,sad
1999.jpg,fear
2006.jpg,surprise
2002.jpg,neutral
1977.jpg,sad
1980.jpg,neutral
1993.jpg,fear
1970.jpg,sad
1986.jpg,neutral
1984.jpg,happy
2036.jpg,surprise
2061.jpg,neutral
2058.jpg,sad
2055.jpg,neutral
2088.jpg,happy
2084.jpg,sad
2072.jpg,neutral
2059.jpg,disgust
2098.jpg,anger
2083.jpg,happy
2092.jpg,sad
2091.jpg,sad
2087.jpg,sad
2068.jpg,neutral
2053.jpg,anger
2096.jpg,contempt
2105.jpg,uncertain
2069.jpg,anger
2075.jpg,anger
2094.jpg,surprise
2074.jpg,happy
2085.jpg,sad
2064.jpg,sad
2093.jpg,anger
2106.jpg,fear
2077.jpg,happy
2045.jpg,happy
2037.jpg,fear
2071.jpg,neutral
2056.jpg,uncertain
2100.jpg,sad
2086.jpg,sad
2066.jpg,happy
2103.jpg,fear
2046.jpg,anger
2089.jpg,happy
2101.jpg,surprise
2063.jpg,anger
2082.jpg,sad
2060.jpg,contempt
2067.jpg,sad
2050.jpg,sad
2039.jpg,fear
2104.jpg,anger
2070.jpg,disgust
2065.jpg,fear
2057.jpg,surprise
2048.jpg,neutral
2076.jpg,surprise
2081.jpg,fear
2042.jpg,happy
2047.jpg,happy
2049.jpg,anger
2079.jpg,neutral
2043.jpg,surprise
2073.jpg,sad
2080.jpg,sad
2095.jpg,happy
2054.jpg,sad
2078.jpg,anger
2044.jpg,sad
2097.jpg,surprise
2090.jpg,surprise
2102.jpg,surprise
2040.jpg,surprise
2038.jpg,sad
2041.jpg,fear
2099.jpg,happy
2062.jpg,surprise
2051.jpg,happy
2052.jpg,disgust
2180.jpg,surprise
2142.jpg,anger
2172.jpg,anger
2164.jpg,happy
2166.jpg,sad
2181.jpg,disgust
2184.jpg,sad
2158.jpg,surprise
2144.jpg,surprise
2156.jpg,surprise
2148.jpg,surprise
2167.jpg,surprise
2125.jpg,contempt
2153.jpg,sad
2149.jpg,anger
2129.jpg,uncertain
2154.jpg,surprise
2130.jpg,sad
2110.jpg,fear
2128.jpg,fear
2135.jpg,neutral
2131.jpg,anger
2122.jpg,sad
2171.jpg,happy
2111.jpg,happy
2123.jpg,uncertain
2178.jpg,anger
2112.jpg,sad
2155.jpg,surprise
2150.jpg,sad
2176.jpg,sad
2168.jpg,surprise
2177.jpg,neutral
2133.jpg,happy
2157.jpg,neutral
2113.jpg,happy
2163.jpg,neutral
2169.jpg,contempt
2120.jpg,surprise
2109.jpg,fear
2170.jpg,sad
2136.jpg,surprise
2132.jpg,surprise
2126.jpg,neutral
2145.jpg,fear
2182.jpg,anger
2117.jpg,contempt
2161.jpg,neutral
2174.jpg,fear
2108.jpg,neutral
2143.jpg,sad
2147.jpg,uncertain
2146.jpg,surprise
2183.jpg,happy
2119.jpg,happy
2116.jpg,surprise
2151.jpg,neutral
2179.jpg,disgust
2162.jpg,happy
2173.jpg,happy
2115.jpg,uncertain
2152.jpg,anger
2165.jpg,contempt
2160.jpg,neutral
2107.jpg,surprise
2134.jpg,sad
2118.jpg,anger
2138.jpg,uncertain
2124.jpg,sad
2185.jpg,surprise
2127.jpg,anger
2175.jpg,happy
2121.jpg,surprise
2186.jpg,anger
2141.jpg,sad
2140.jpg,sad
2137.jpg,uncertain
2159.jpg,neutral
2114.jpg,neutral
2139.jpg,neutral
2243.jpg,happy
2262.jpg,uncertain
2199.jpg,happy
2220.jpg,anger
2265.jpg,sad
2266.jpg,fear
2254.jpg,anger
2196.jpg,neutral
2188.jpg,sad
2190.jpg,happy
2241.jpg,neutral
2208.jpg,sad
2200.jpg,fear
2238.jpg,sad
2242.jpg,contempt
2204.jpg,contempt
2258.jpg,sad
2250.jpg,uncertain
2261.jpg,happy
2225.jpg,anger
2240.jpg,neutral
2215.jpg,surprise
2189.jpg,anger
2213.jpg,uncertain
2246.jpg,sad
2259.jpg,surprise
2252.jpg,contempt
2231.jpg,anger
2187.jpg,surprise
2239.jpg,anger
2195.jpg,happy
2218.jpg,fear
2193.jpg,happy
2229.jpg,anger
2228.jpg,surprise
2209.jpg,sad
2224.jpg,anger
2257.jpg,uncertain
2251.jpg,neutral
2216.jpg,surprise
2253.jpg,happy
2202.jpg,sad
2235.jpg,neutral
2255.jpg,happy
2222.jpg,sad
2214.jpg,anger
2227.jpg,happy
2206.jpg,neutral
2205.jpg,surprise
2256.jpg,sad
2223.jpg,sad
2211.jpg,surprise
2226.jpg,anger
2237.jpg,disgust
2221.jpg,neutral
2233.jpg,happy
2192.jpg,fear
2247.jpg,uncertain
2207.jpg,sad
2245.jpg,contempt
2198.jpg,neutral
2248.jpg,happy
2201.jpg,surprise
2230.jpg,happy
2212.jpg,sad
2194.jpg,sad
2260.jpg,anger
2249.jpg,fear
2210.jpg,anger
2264.jpg,happy
2232.jpg,neutral
2236.jpg,surprise
2191.jpg,sad
2217.jpg,surprise
2219.jpg,anger
2234.jpg,surprise
2203.jpg,fear
2197.jpg,contempt
2263.jpg,neutral
2244.jpg,sad
2320.jpg,happy
2295.jpg,surprise
2325.jpg,sad
2274.jpg,sad
2337.jpg,neutral
2334.jpg,happy
2319.jpg,uncertain
2308.jpg,anger
2279.jpg,happy
2270.jpg,fear
2300.jpg,surprise
2271.jpg,happy
2273.jpg,sad
2322.jpg,happy
2276.jpg,anger
2317.jpg,surprise
2291.jpg,sad
2336.jpg,anger
2292.jpg,sad
2269.jpg,anger
2302.jpg,surprise
2327.jpg,happy
2324.jpg,surprise
2306.jpg,anger
2332.jpg,surprise
2326.jpg,uncertain
2280.jpg,disgust
2303.jpg,surprise
2335.jpg,sad
2299.jpg,surprise
2294.jpg,sad
2290.jpg,anger
2268.jpg,uncertain
2287.jpg,anger
2281.jpg,disgust
2323.jpg,anger
2278.jpg,anger
2286.jpg,happy
2267.jpg,anger
2311.jpg,neutral
2328.jpg,surprise
2321.jpg,happy
2316.jpg,surprise
2314.jpg,neutral
2272.jpg,neutral
2283.jpg,neutral
2301.jpg,happy
2296.jpg,fear
2293.jpg,sad
2333.jpg,disgust
2318.jpg,anger
2277.jpg,surprise
2305.jpg,happy
2288.jpg,neutral
2275.jpg,neutral
2309.jpg,surprise
2298.jpg,disgust
2330.jpg,anger
2304.jpg,fear
2285.jpg,contempt
2315.jpg,sad
2307.jpg,surprise
2329.jpg,anger
2331.jpg,uncertain
2310.jpg,surprise
2282.jpg,anger
2297.jpg,neutral
2289.jpg,happy
2312.jpg,happy
2313.jpg,uncertain
2284.jpg,anger
2406.jpg,fear
2402.jpg,happy
2408.jpg,sad
2350.jpg,happy
2392.jpg,sad
2383.jpg,sad
2338.jpg,fear
2341.jpg,neutral
2391.jpg,surprise
2375.jpg,neutral
2393.jpg,sad
2354.jpg,fear
2377.jpg,neutral
2365.jpg,happy
2361.jpg,surprise
2386.jpg,anger
2382.jpg,sad
2344.jpg,neutral
2378.jpg,happy
2363.jpg,uncertain
2388.jpg,surprise
2409.jpg,neutral
2355.jpg,sad
2395.jpg,anger
2364.jpg,contempt
2352.jpg,disgust
2356.jpg,surprise
2398.jpg,happy
2369.jpg,neutral
2349.jpg,surprise
2370.jpg,disgust
2376.jpg,anger
2372.jpg,surprise
2379.jpg,uncertain
2381.jpg,sad
2396.jpg,disgust
2374.jpg,happy
2399.jpg,neutral
2384.jpg,neutral
2343.jpg,fear
2410.jpg,sad
2367.jpg,surprise
2401.jpg,sad
2400.jpg,contempt
2340.jpg,neutral
2371.jpg,disgust
2346.jpg,neutral
2387.jpg,uncertain
2368.jpg,disgust
2407.jpg,fear
2358.jpg,surprise
2362.jpg,happy
2390.jpg,neutral
2397.jpg,surprise
2360.jpg,anger
2351.jpg,surprise
2345.jpg,anger
2347.jpg,disgust
2403.jpg,anger
2359.jpg,surprise
2389.jpg,contempt
2348.jpg,happy
2380.jpg,surprise
2357.jpg,sad
2366.jpg,disgust
2373.jpg,anger
2353.jpg,anger
2339.jpg,surprise
2405.jpg,sad
2404.jpg,anger
2385.jpg,surprise
2394.jpg,sad
2342.jpg,disgust
2477.jpg,sad
2447.jpg,sad
2448.jpg,anger
2428.jpg,surprise
2453.jpg,sad
2458.jpg,sad
2431.jpg,contempt
2441.jpg,surprise
2432.jpg,anger
2457.jpg,anger
2438.jpg,disgust
2443.jpg,sad
2435.jpg,sad
2476.jpg,surprise
2444.jpg,fear
2434.jpg,neutral
2416.jpg,happy
2413.jpg,happy
2463.jpg,happy
2425.jpg,fear
2451.jpg,sad
2423.jpg,fear
2442.jpg,neutral
2422.jpg,sad
2437.jpg,happy
2456.jpg,fear
2440.jpg,happy
2469.jpg,sad
2418.jpg,anger
2459.jpg,anger
2465.jpg,sad
2421.jpg,uncertain
2439.jpg,neutral
2470.jpg,disgust
2473.jpg,sad
2414.jpg,sad
2474.jpg,sad
2436.jpg,happy
2466.jpg,happy
2461.jpg,happy
2475.jpg,sad
2462.jpg,surprise
2455.jpg,sad
2411.jpg,surprise
2471.jpg,contempt
2445.jpg,surprise
2464.jpg,anger
2449.jpg,anger
2424.jpg,sad
2429.jpg,neutral
2415.jpg,disgust
2472.jpg,neutral
2417.jpg,surprise
2412.jpg,surprise
2430.jpg,neutral
2468.jpg,sad
2419.jpg,sad
2426.jpg,happy
2460.jpg,surprise
2433.jpg,happy
2420.jpg,sad
2450.jpg,uncertain
2454.jpg,anger
2452.jpg,anger
2467.jpg,sad
2446.jpg,happy
2427.jpg,disgust
2548.jpg,surprise
2547.jpg,happy
2527.jpg,surprise
2495.jpg,happy
2482.jpg,sad
2515.jpg,surprise
2486.jpg,happy
2489.jpg,contempt
2507.jpg,anger
2493.jpg,sad
2498.jpg,surprise
2512.jpg,surprise
2546.jpg,surprise
2519.jpg,anger
2502.jpg,neutral
2488.jpg,happy
2542.jpg,anger
2506.jpg,happy
2500.jpg,fear
2494.jpg,happy
2530.jpg,uncertain
2508.jpg,sad
2496.jpg,sad
2521.jpg,anger
2487.jpg,sad
2524.jpg,anger
2481.jpg,neutral
2531.jpg,anger
2510.jpg,happy
2518.jpg,surprise
2490.jpg,sad
2537.jpg,neutral
2505.jpg,anger
2526.jpg,surprise
2491.jpg,anger
2509.jpg,neutral
2504.jpg,contempt
2523.jpg,happy
2492.jpg,sad
2511.jpg,uncertain
2533.jpg,neutral
2517.jpg,sad
2497.jpg,anger
2516.jpg,surprise
2539.jpg,surprise
2501.jpg,happy
2529.jpg,anger
2478.jpg,sad
2544.jpg,uncertain
2480.jpg,sad
2514.jpg,contempt
2534.jpg,anger
2528.jpg,happy
2532.jpg,uncertain
2520.jpg,happy
2543.jpg,happy
2535.jpg,fear
2483.jpg,happy
2499.jpg,sad
2540.jpg,sad
2503.jpg,surprise
2545.jpg,surprise
2479.jpg,surprise
2513.jpg,sad
2536.jpg,anger
2525.jpg,surprise
2484.jpg,anger
2522.jpg,fear
2485.jpg,fear
2541.jpg,surprise
2538.jpg,uncertain
2590.jpg,anger
2591.jpg,anger
2562.jpg,surprise
2592.jpg,surprise
2557.jpg,neutral
2581.jpg,neutral
2609.jpg,surprise
2587.jpg,anger
2577.jpg,neutral
2553.jpg,neutral
2571.jpg,uncertain
2597.jpg,neutral
2606.jpg,neutral
2600.jpg,happy
2593.jpg,surprise
2568.jpg,neutral
2583.jpg,anger
2588.jpg,disgust
2559.jpg,sad
2585.jpg,uncertain
2567.jpg,neutral
2564.jpg,happy
2580.jpg,fear
2599.jpg,sad
2589.jpg,anger
2586.jpg,happy
2582.jpg,surprise
2574.jpg,anger
2598.jpg,sad
2561.jpg,sad
2608.jpg,sad
2584.jpg,sad
2572.jpg,happy
2594.jpg,anger
2579.jpg,sad
2602.jpg,happy
2578.jpg,fear
2552.jpg,neutral
2610.jpg,sad
2563.jpg,contempt
2566.jpg,anger
2573.jpg,surprise
2607.jpg,sad
2596.jpg,fear
2551.jpg,neutral
2601.jpg,happy
2569.jpg,anger
2575.jpg,surprise
2554.jpg,happy
2555.jpg,uncertain
2560.jpg,surprise
2550.jpg,surprise
2556.jpg,sad
2570.jpg,surprise
2603.jpg,surprise
2595.jpg,neutral
2565.jpg,fear
2576.jpg,uncertain
2549.jpg,surprise
2558.jpg,sad
2605.jpg,neutral
2604.jpg,sad
2651.jpg,anger
2632.jpg,surprise
2618.jpg,surprise
2628.jpg,contempt
2630.jpg,surprise
2649.jpg,happy
2658.jpg,uncertain
2625.jpg,sad
2665.jpg,sad
2645.jpg,contempt
2657.jpg,surprise
2642.jpg,sad
2637.jpg,happy
2638.jpg,sad
2643.jpg,contempt
2624.jpg,anger
2627.jpg,sad
2644.jpg,happy
2640.jpg,neutral
2611.jpg,uncertain
2620.jpg,happy
2648.jpg,sad
2639.jpg,neutral
2626.jpg,surprise
2623.jpg,sad
2669.jpg,anger
2619.jpg,surprise
2656.jpg,surprise
2661.jpg,sad
2615.jpg,sad
2653.jpg,anger
2616.jpg,happy
2664.jpg,neutral
2621.jpg,surprise
2667.jpg,contempt
2631.jpg,happy
2659.jpg,sad
2617.jpg,happy
2652.jpg,sad
2612.jpg,sad
2670.jpg,sad
2662.jpg,happy
2633.jpg,fear
2613.jpg,sad
2646.jpg,neutral
2650.jpg,surprise
2654.jpg,surprise
2634.jpg,fear
2641.jpg,neutral
2622.jpg,neutral
2655.jpg,happy
2614.jpg,anger
2666.jpg,anger
2660.jpg,uncertain
2635.jpg,happy
2668.jpg,anger
2663.jpg,anger
2629.jpg,surprise
2647.jpg,fear
2636.jpg,disgust
2754.jpg,contempt
2691.jpg,anger
2716.jpg,sad
2704.jpg,contempt
2689.jpg,neutral
2752.jpg,fear
2720.jpg,fear
2693.jpg,sad
2696.jpg,sad
2674.jpg,anger
2748.jpg,anger
2709.jpg,neutral
2698.jpg,surprise
2701.jpg,sad
2678.jpg,happy
2686.jpg,surprise
2724.jpg,neutral
2707.jpg,uncertain
2725.jpg,happy
2741.jpg,sad
2703.jpg,sad
2706.jpg,fear
2680.jpg,surprise
2695.jpg,fear
2737.jpg,surprise
2683.jpg,sad
2718.jpg,sad
2743.jpg,surprise
2677.jpg,disgust
2734.jpg,fear
2690.jpg,uncertain
2715.jpg,surprise
2694.jpg,surprise
2728.jpg,disgust
2676.jpg,surprise
2685.jpg,fear
2702.jpg,sad
2747.jpg,sad
2714.jpg,sad
2727.jpg,surprise
2753.jpg,surprise
2705.jpg,surprise
2687.jpg,sad
2673.jpg,surprise
2684.jpg,disgust
2738.jpg,surprise
2733.jpg,surprise
2742.jpg,surprise
2721.jpg,sad
2736.jpg,surprise
2708.jpg,anger
2732.jpg,sad
2682.jpg,sad
2726.jpg,anger
2731.jpg,anger
2671.jpg,happy
2751.jpg,anger
2723.jpg,happy
2739.jpg,uncertain
2746.jpg,disgust
2713.jpg,sad
2681.jpg,neutral
2719.jpg,surprise
2750.jpg,surprise
2692.jpg,neutral
2675.jpg,uncertain
2711.jpg,anger
2749.jpg,neutral
2710.jpg,surprise
2672.jpg,sad
2700.jpg,neutral
2688.jpg,sad
2730.jpg,sad
2745.jpg,sad
2755.jpg,surprise
2722.jpg,neutral
2740.jpg,neutral
2712.jpg,anger
2744.jpg,uncertain
2697.jpg,uncertain
2699.jpg,anger
2735.jpg,surprise
2729.jpg,sad
2679.jpg,neutral
2717.jpg,neutral
2804.jpg,surprise
2762.jpg,neutral
2772.jpg,fear
2799.jpg,anger
2823.jpg,sad
2759.jpg,neutral
2789.jpg,neutral
2821.jpg,sad
2767.jpg,surprise
2809.jpg,contempt
2793.jpg,anger
2761.jpg,neutral
2819.jpg,sad
2806.jpg,neutral
2756.jpg,surprise
2766.jpg,sad
2773.jpg,fear
2798.jpg,uncertain
2788.jpg,sad
2768.jpg,happy
2796.jpg,anger
2764.jpg,sad
2810.jpg,sad
2807.jpg,disgust
2802.jpg,fear
2825.jpg,surprise
2760.jpg,sad
2771.jpg,anger
2779.jpg,happy
2787.jpg,sad
2791.jpg,surprise
2777.jpg,uncertain
2783.jpg,sad
2808.jpg,fear
2757.jpg,anger
2790.jpg,sad
2829.jpg,anger
2812.jpg,sad
2815.jpg,contempt
2803.jpg,uncertain
2781.jpg,sad
2830.jpg,fear
2813.jpg,uncertain
2824.jpg,disgust
2800.jpg,happy
2794.jpg,surprise
2776.jpg,neutral
2817.jpg,happy
2763.jpg,happy
2782.jpg,fear
2805.jpg,neutral
2786.jpg,happy
2822.jpg,surprise
2795.jpg,sad
2811.jpg,surprise
2828.jpg,sad
2797.jpg,sad
2818.jpg,fear
2784.jpg,neutral
2792.jpg,sad
2826.jpg,sad
2827.jpg,surprise
2801.jpg,sad
2765.jpg,surprise
2785.jpg,fear
2820.jpg,happy
2778.jpg,fear
2758.jpg,happy
2774.jpg,happy
2814.jpg,sad
2770.jpg,neutral
2816.jpg,uncertain
2775.jpg,happy
2769.jpg,neutral
2780.jpg,surprise
2880.jpg,uncertain
2875.jpg,fear
2838.jpg,disgust
2868.jpg,neutral
2863.jpg,neutral
2869.jpg,surprise
2900.jpg,surprise
2904.jpg,neutral
2884.jpg,neutral
2857.jpg,sad
2899.jpg,fear
2898.jpg,surprise
2886.jpg,anger
2893.jpg,sad
2885.jpg,disgust
2879.jpg,sad
2850.jpg,anger
2853.jpg,neutral
2890.jpg,surprise
2871.jpg,sad
2878.jpg,anger
2854.jpg,sad
2843.jpg,fear
2847.jpg,uncertain
2835.jpg,fear
2882.jpg,contempt
2897.jpg,disgust
2841.jpg,uncertain
2867.jpg,uncertain
2837.jpg,sad
2862.jpg,surprise
2903.jpg,happy
2832.jpg,sad
2836.jpg,neutral
2873.jpg,fear
2859.jpg,neutral
2877.jpg,uncertain
2839.jpg,fear
2844.jpg,surprise
2906.jpg,contempt
2856.jpg,neutral
2902.jpg,neutral
2864.jpg,anger
2849.jpg,surprise
2860.jpg,neutral
2831.jpg,uncertain
2845.jpg,surprise
2870.jpg,surprise
2858.jpg,neutral
2905.jpg,sad
2872.jpg,disgust
2851.jpg,contempt
2883.jpg,happy
2894.jpg,disgust
2848.jpg,anger
2891.jpg,uncertain
2896.jpg,surprise
2889.jpg,anger
2842.jpg,happy
2874.jpg,surprise
2834.jpg,neutral
2881.jpg,uncertain
2865.jpg,sad
2907.jpg,surprise
2876.jpg,surprise
2866.jpg,surprise
2840.jpg,neutral
2887.jpg,happy
2846.jpg,neutral
2833.jpg,surprise
2888.jpg,sad
2901.jpg,anger
2892.jpg,anger
2852.jpg,anger
2895.jpg,fear
2861.jpg,surprise
2855.jpg,contempt
2964.jpg,surprise
2981.jpg,sad
2933.jpg,neutral
2959.jpg,neutral
2937.jpg,anger
2934.jpg,anger
2968.jpg,surprise
2950.jpg,happy
2983.jpg,anger
2944.jpg,sad
2935.jpg,neutral
2918.jpg,uncertain
2960.jpg,uncertain
2955.jpg,anger
2958.jpg,neutral
2945.jpg,happy
2977.jpg,sad
2976.jpg,disgust
2953.jpg,happy
2912.jpg,sad
2984.jpg,sad
2924.jpg,neutral
2956.jpg,fear
2941.jpg,neutral
2921.jpg,anger
2947.jpg,anger
2986.jpg,sad
2949.jpg,sad
2917.jpg,sad
2967.jpg,anger
2910.jpg,happy
2915.jpg,sad
2971.jpg,happy
2972.jpg,uncertain
2979.jpg,surprise
2965.jpg,neutral
2940.jpg,happy
2929.jpg,happy
2942.jpg,fear
2948.jpg,surprise
2926.jpg,happy
2952.jpg,sad
2970.jpg,neutral
2943.jpg,sad
2908.jpg,anger
2969.jpg,neutral
2975.jpg,surprise
2930.jpg,anger
2911.jpg,fear
2951.jpg,happy
2954.jpg,sad
2988.jpg,happy
2978.jpg,sad
2919.jpg,sad
2923.jpg,neutral
2913.jpg,uncertain
2963.jpg,sad
2909.jpg,neutral
2928.jpg,neutral
2985.jpg,surprise
2961.jpg,surprise
2962.jpg,sad
2922.jpg,sad
2966.jpg,happy
2939.jpg,contempt
2916.jpg,neutral
2957.jpg,sad
2938.jpg,neutral
2920.jpg,neutral
2982.jpg,anger
2980.jpg,surprise
2914.jpg,contempt
2927.jpg,sad
2932.jpg,anger
2987.jpg,happy
2936.jpg,neutral
2973.jpg,anger
2925.jpg,happy
2946.jpg,anger
2931.jpg,surprise
2974.jpg,sad
3014.jpg,fear
3001.jpg,fear
2993.jpg,disgust
2990.jpg,disgust
3033.jpg,happy
3040.jpg,anger
3058.jpg,contempt
3005.jpg,surprise
2991.jpg,fear
3008.jpg,anger
3044.jpg,surprise
985.jpg,sad
1002.jpg,contempt
1044.jpg,neutral
1023.jpg,sad
1014.jpg,happy
989.jpg,anger
1035.jpg,surprise
1029.jpg,fear
998.jpg,neutral
1006.jpg,sad
994.jpg,surprise
1000.jpg,happy
986.jpg,neutral
983.jpg,sad
996.jpg,happy
999.jpg,surprise
1024.jpg,fear
1003.jpg,sad
1022.jpg,fear
993.jpg,happy
1012.jpg,sad
1009.jpg,neutral
1001.jpg,uncertain
1041.jpg,happy
1010.jpg,fear
973.jpg,sad
990.jpg,contempt
1016.jpg,anger
1004.jpg,neutral
1036.jpg,anger
1019.jpg,fear
1021.jpg,surprise
992.jpg,happy
975.jpg,sad
991.jpg,sad
1043.jpg,surprise
976.jpg,sad
1033.jpg,sad
1042.jpg,anger
1037.jpg,fear
1013.jpg,sad
1032.jpg,neutral
1026.jpg,anger
995.jpg,surprise
988.jpg,sad
1064.jpg,fear
1045.jpg,happy
1056.jpg,happy
1051.jpg,fear
1080.jpg,anger
1053.jpg,surprise
1070.jpg,contempt
1052.jpg,anger
1059.jpg,neutral
1086.jpg,anger
1062.jpg,happy
1069.jpg,sad
1084.jpg,neutral
1055.jpg,surprise
1082.jpg,sad
1058.jpg,fear
1049.jpg,surprise
1063.jpg,disgust
1066.jpg,happy
1054.jpg,neutral
1065.jpg,contempt
1076.jpg,sad
1074.jpg,sad
1073.jpg,uncertain
1060.jpg,sad
1071.jpg,neutral
1057.jpg,uncertain
1048.jpg,contempt
1075.jpg,happy
1047.jpg,surprise
1081.jpg,surprise
1077.jpg,contempt
1079.jpg,happy
1085.jpg,surprise
1046.jpg,anger
1050.jpg,happy
1072.jpg,surprise
1078.jpg,surprise
1083.jpg,anger
1068.jpg,surprise
1067.jpg,neutral
1061.jpg,anger
1153.jpg,disgust
1102.jpg,fear
1123.jpg,uncertain
1124.jpg,sad
1137.jpg,happy
1130.jpg,sad
1107.jpg,happy
1112.jpg,uncertain
1133.jpg,sad
1108.jpg,surprise
1148.jpg,neutral
1104.jpg,uncertain
1092.jpg,surprise
1101.jpg,happy
1087.jpg,anger
1093.jpg,sad
1114.jpg,sad
1116.jpg,neutral
1128.jpg,uncertain
1146.jpg,fear
1103.jpg,sad
1145.jpg,neutral
1154.jpg,happy
1144.jpg,uncertain
1135.jpg,surprise
1151.jpg,neutral
1113.jpg,anger
1119.jpg,surprise
1110.jpg,sad
1111.jpg,anger
1150.jpg,anger
1120.jpg,surprise
1127.jpg,surprise
1091.jpg,surprise
1089.jpg,uncertain
1095.jpg,anger
1126.jpg,fear
1138.jpg,fear
1088.jpg,surprise
1096.jpg,anger
1141.jpg,surprise
1131.jpg,uncertain
1142.jpg,sad
1155.jpg,disgust
1105.jpg,fear
1122.jpg,surprise
1149.jpg,fear
1115.jpg,sad
1147.jpg,sad
1121.jpg,sad
1134.jpg,fear
1125.jpg,surprise
1100.jpg,anger
1094.jpg,sad
1106.jpg,surprise
1129.jpg,happy
1143.jpg,neutral
1090.jpg,surprise
1117.jpg,surprise
1099.jpg,sad
1136.jpg,uncertain
1139.jpg,anger
1118.jpg,disgust
1109.jpg,uncertain
1098.jpg,anger
1132.jpg,fear
1097.jpg,happy
1140.jpg,sad
1152.jpg,anger
1189.jpg,sad
1180.jpg,surprise
1208.jpg,anger
1169.jpg,neutral
1184.jpg,surprise
1194.jpg,uncertain
1210.jpg,sad
1190.jpg,anger
1186.jpg,anger
1172.jpg,happy
1191.jpg,neutral
1200.jpg,disgust
1198.jpg,sad
1160.jpg,surprise
1158.jpg,surprise
1197.jpg,fear
1202.jpg,sad
1167.jpg,fear
1162.jpg,fear
1187.jpg,sad
1177.jpg,fear
1222.jpg,sad
1170.jpg,happy
1193.jpg,neutral
1199.jpg,happy
1217.jpg,sad
1168.jpg,contempt
1216.jpg,anger
1221.jpg,neutral
1188.jpg,surprise
1192.jpg,fear
1201.jpg,happy
1163.jpg,neutral
1175.jpg,anger
1156.jpg,anger
1220.jpg,sad
1165.jpg,surprise
1215.jpg,sad
1211.jpg,fear
1209.jpg,surprise
1181.jpg,contempt
1178.jpg,happy
1171.jpg,neutral
1176.jpg,fear
1213.jpg,surprise
1223.jpg,fear
1179.jpg,surprise
1196.jpg,anger
1166.jpg,happy
1173.jpg,sad
1182.jpg,surprise
1174.jpg,surprise
1159.jpg,sad
1218.jpg,surprise
1219.jpg,sad
1206.jpg,sad
1161.jpg,sad
1224.jpg,contempt
1214.jpg,sad
1195.jpg,sad
1203.jpg,neutral
1164.jpg,surprise
1183.jpg,happy
1205.jpg,happy
1212.jpg,uncertain
1207.jpg,sad
1157.jpg,disgust
1185.jpg,neutral
1204.jpg,anger
1252.jpg,uncertain
1258.jpg,surprise
1297.jpg,surprise
1256.jpg,surprise
1233.jpg,fear
1282.jpg,uncertain
1283.jpg,surprise
1295.jpg,surprise
1281.jpg,surprise
1278.jpg,fear
1268.jpg,disgust
1273.jpg,happy
1228.jpg,sad
1236.jpg,anger
1239.jpg,anger
1226.jpg,anger
1246.jpg,sad
1266.jpg,sad
1275.jpg,sad
1225.jpg,happy
1284.jpg,fear
1272.jpg,uncertain
1262.jpg,happy
1276.jpg,surprise
1271.jpg,sad
1303.jpg,sad
1249.jpg,surprise
1264.jpg,sad
1277.jpg,surprise
1242.jpg,uncertain
1300.jpg,neutral
1302.jpg,anger
1250.jpg,sad
1238.jpg,uncertain
1269.jpg,anger
1263.jpg,disgust
1245.jpg,surprise
1260.jpg,sad
1289.jpg,uncertain
1288.jpg,sad
1241.jpg,anger
1248.jpg,fear
1234.jpg,anger
1261.jpg,sad
1232.jpg,fear
1279.jpg,surprise
1293.jpg,surprise
1286.jpg,fear
1296.jpg,anger
1267.jpg,happy
1255.jpg,anger
1244.jpg,happy
1291.jpg,sad
1247.jpg,uncertain
1229.jpg,anger
1231.jpg,happy
1253.jpg,happy
1270.jpg,contempt
1304.jpg,surprise
1292.jpg,uncertain
1280.jpg,uncertain
1243.jpg,fear
1254.jpg,surprise
1294.jpg,sad
1230.jpg,disgust
1240.jpg,uncertain
1257.jpg,contempt
1259.jpg,anger
1301.jpg,fear
1227.jpg,sad
1265.jpg,happy
1251.jpg,sad
1290.jpg,surprise
1237.jpg,sad
1299.jpg,happy
1305.jpg,surprise
1274.jpg,happy
1287.jpg,surprise
1285.jpg,anger
1235.jpg,neutral
1298.jpg,neutral
1307.jpg,anger
1341.jpg,happy
1343.jpg,anger
1365.jpg,anger
1378.jpg,surprise
1355.jpg,uncertain
1371.jpg,anger
1342.jpg,uncertain
1358.jpg,anger
1332.jpg,neutral
1320.jpg,sad
1351.jpg,sad
1373.jpg,surprise
1322.jpg,surprise
1380.jpg,anger
1315.jpg,disgust
1374.jpg,anger
1339.jpg,sad
1335.jpg,sad
1363.jpg,neutral
1336.jpg,disgust
1313.jpg,disgust
1349.jpg,happy
1319.jpg,contempt
1368.jpg,contempt
1370.jpg,anger
1324.jpg,uncertain
1347.jpg,sad
1330.jpg,uncertain
1364.jpg,sad
1321.jpg,uncertain
1326.jpg,anger
1362.jpg,surprise
1314.jpg,contempt
1372.jpg,neutral
1323.jpg,neutral
1318.jpg,uncertain
1333.jpg,happy
1306.jpg,surprise
1366.jpg,anger
1327.jpg,uncertain
1331.jpg,sad
1352.jpg,sad
1346.jpg,happy
1367.jpg,surprise
1375.jpg,happy
1309.jpg,contempt
1334.jpg,sad
1338.jpg,neutral
1361.jpg,anger
1359.jpg,anger
1310.jpg,surprise
1360.jpg,sad
1311.jpg,fear
1344.jpg,sad
1345.jpg,surprise
1377.jpg,sad
1356.jpg,anger
1376.jpg,uncertain
1325.jpg,sad
1316.jpg,sad
1350.jpg,fear
1340.jpg,fear
1379.jpg,fear
1353.jpg,surprise
1308.jpg,neutral
1329.jpg,happy
1357.jpg,happy
1317.jpg,neutral
1348.jpg,contempt
1354.jpg,neutral
1337.jpg,surprise
1312.jpg,uncertain
1369.jpg,anger
1328.jpg,surprise
1418.jpg,uncertain
1462.jpg,surprise
1414.jpg,happy
1464.jpg,anger
1428.jpg,surprise
1408.jpg,anger
1391.jpg,anger
1472.jpg,sad
1450.jpg,surprise
1411.jpg,anger
1470.jpg,uncertain
1442.jpg,anger
1455.jpg,anger
1402.jpg,fear
1430.jpg,happy
1469.jpg,happy
1412.jpg,anger
1441.jpg,sad
1398.jpg,fear
1467.jpg,surprise
1382.jpg,uncertain
1420.jpg,happy
1427.jpg,sad
1407.jpg,anger
1403.jpg,anger
1425.jpg,sad
1400.jpg,happy
1406.jpg,surprise
1381.jpg,anger
1468.jpg,anger
1413.jpg,surprise
1386.jpg,happy
1437.jpg,fear
1435.jpg,disgust
1388.jpg,fear
1395.jpg,anger
1429.jpg,surprise
1389.jpg,fear
1439.jpg,happy
1421.jpg,sad
1457.jpg,neutral
1397.jpg,uncertain
1432.jpg,happy
1404.jpg,sad
1392.jpg,neutral
1433.jpg,uncertain
1399.jpg,happy
1456.jpg,sad
1423.jpg,happy
1387.jpg,uncertain
1410.jpg,sad
1443.jpg,surprise
1446.jpg,neutral
1458.jpg,surprise
1466.jpg,happy
1452.jpg,disgust
1463.jpg,happy
1405.jpg,surprise
1415.jpg,sad
1390.jpg,fear
1409.jpg,fear
1471.jpg,uncertain
1401.jpg,contempt
1394.jpg,neutral
1416.jpg,surprise
1444.jpg,happy
1451.jpg,fear
1417.jpg,sad
1384.jpg,sad
1449.jpg,anger
1422.jpg,anger
1431.jpg,sad
1436.jpg,happy
1465.jpg,anger
1448.jpg,disgust
1460.jpg,surprise
1426.jpg,neutral
1445.jpg,sad
1396.jpg,fear
1461.jpg,happy
1459.jpg,happy
1447.jpg,sad
1385.jpg,happy
1438.jpg,sad
1454.jpg,neutral
1424.jpg,neutral
1434.jpg,neutral
1393.jpg,neutral
1453.jpg,fear
1419.jpg,neutral
1440.jpg,fear
1383.jpg,surprise
1515.jpg,surprise
1481.jpg,uncertain
1501.jpg,happy
1490.jpg,sad
1492.jpg,fear
1508.jpg,uncertain
1482.jpg,sad
1537.jpg,sad
1542.jpg,fear
1514.jpg,sad
1523.jpg,neutral
1518.jpg,happy
1535.jpg,neutral
1473.jpg,fear
1541.jpg,anger
1505.jpg,disgust
1526.jpg,surprise
1488.jpg,surprise
1500.jpg,happy
1484.jpg,sad
1485.jpg,contempt
1516.jpg,anger
1502.jpg,neutral
1530.jpg,happy
1533.jpg,happy
1489.jpg,sad
1524.jpg,surprise
1511.jpg,neutral
1504.jpg,happy
1479.jpg,fear
1513.jpg,surprise
1529.jpg,surprise
1510.jpg,fear
1499.jpg,happy
1532.jpg,anger
1475.jpg,anger
1528.jpg,anger
1476.jpg,anger
1497.jpg,happy
1483.jpg,happy
1539.jpg,anger
1507.jpg,fear
1487.jpg,surprise
1503.jpg,anger
1491.jpg,anger
1525.jpg,fear
1495.jpg,anger
1522.jpg,anger
1538.jpg,sad
1478.jpg,surprise
1512.jpg,anger
1477.jpg,uncertain
1543.jpg,happy
1534.jpg,happy
1486.jpg,sad
1521.jpg,happy
1498.jpg,happy
1509.jpg,sad
1540.jpg,sad
1531.jpg,fear
1536.jpg,surprise
1520.jpg,surprise
1480.jpg,anger
1527.jpg,sad
1519.jpg,sad
1474.jpg,sad
1494.jpg,anger
1544.jpg,surprise
1493.jpg,neutral
1545.jpg,surprise
1496.jpg,fear
1517.jpg,anger
1506.jpg,happy
1609.jpg,happy
1556.jpg,uncertain
1546.jpg,disgust
1563.jpg,happy
1557.jpg,sad
1561.jpg,disgust
1578.jpg,happy
1589.jpg,happy
1552.jpg,surprise
1597.jpg,happy
1548.jpg,anger
1566.jpg,happy
1575.jpg,uncertain
1577.jpg,disgust
1607.jpg,surprise
1586.jpg,anger
1593.jpg,surprise
1584.jpg,neutral
1598.jpg,happy
1605.jpg,anger
1594.jpg,surprise
1588.jpg,surprise
1602.jpg,surprise
1599.jpg,uncertain
1562.jpg,neutral
1610.jpg,anger
1571.jpg,surprise
1596.jpg,happy
1603.jpg,anger
1581.jpg,surprise
1606.jpg,sad
1580.jpg,sad
1568.jpg,uncertain
1582.jpg,surprise
1570.jpg,neutral
1574.jpg,anger
1550.jpg,surprise
1587.jpg,uncertain
1583.jpg,surprise
1590.jpg,disgust
1579.jpg,fear
1604.jpg,surprise
1560.jpg,surprise
1592.jpg,surprise
1555.jpg,disgust
1569.jpg,happy
1600.jpg,surprise
1576.jpg,surprise
1608.jpg,sad
1559.jpg,uncertain
1565.jpg,happy
1572.jpg,uncertain
1547.jpg,neutral
1564.jpg,neutral
1553.jpg,anger
1551.jpg,sad
1549.jpg,uncertain
1595.jpg,surprise
1558.jpg,happy
1567.jpg,sad
1601.jpg,neutral
1591.jpg,surprise
1554.jpg,surprise
1573.jpg,anger
1585.jpg,fear
1613.jpg,happy
1677.jpg,sad
1686.jpg,anger
1651.jpg,surprise
1623.jpg,uncertain
1679.jpg,sad
1687.jpg,uncertain
1629.jpg,neutral
1688.jpg,anger
1616.jpg,fear
1612.jpg,sad
1683.jpg,happy
1653.jpg,anger
1620.jpg,sad
1666.jpg,happy
1665.jpg,happy
1630.jpg,neutral
1643.jpg,happy
1660.jpg,surprise
1646.jpg,happy
1650.jpg,fear
1656.jpg,neutral
1668.jpg,sad
1628.jpg,sad
1685.jpg,surprise
1681.jpg,anger
1619.jpg,sad
1680.jpg,neutral
1658.jpg,contempt
1618.jpg,anger
1690.jpg,contempt
1662.jpg,fear
1625.jpg,neutral
1674.jpg,contempt
1626.jpg,anger
1663.jpg,happy
1622.jpg,happy
1682.jpg,anger
1644.jpg,sad
1621.jpg,anger
1645.jpg,happy
1627.jpg,sad
1667.jpg,contempt
1689.jpg,fear
1678.jpg,happy
1632.jpg,anger
1694.jpg,neutral
1654.jpg,neutral
1673.jpg,fear
1634.jpg,sad
1638.jpg,neutral
1633.jpg,anger
1615.jpg,surprise
1639.jpg,anger
1695.jpg,surprise
1671.jpg,happy
1648.jpg,surprise
1691.jpg,sad
1642.jpg,contempt
1692.jpg,happy
1614.jpg,neutral
1661.jpg,happy
1672.jpg,disgust
1631.jpg,neutral
1676.jpg,disgust
1652.jpg,fear
1675.jpg,sad
1655.jpg,fear
1635.jpg,sad
1684.jpg,anger
1669.jpg,neutral
1640.jpg,uncertain
1693.jpg,sad
1657.jpg,disgust
1649.jpg,sad
1641.jpg,uncertain
1647.jpg,surprise
1664.jpg,neutral
1611.jpg,happy
1636.jpg,anger
1624.jpg,neutral
1670.jpg,fear
1659.jpg,uncertain
1637.jpg,uncertain
1617.jpg,disgust
1777.jpg,uncertain
1721.jpg,uncertain
1716.jpg,happy
1709.jpg,sad
1749.jpg,disgust
1706.jpg,disgust
1755.jpg,happy
1744.jpg,fear
1743.jpg,sad
1751.jpg,surprise
1714.jpg,happy
1735.jpg,happy
1733.jpg,surprise
1737.jpg,sad
1773.jpg,sad
1722.jpg,fear
1711.jpg,neutral
1723.jpg,disgust
1717.jpg,sad
1696.jpg,happy
1712.jpg,neutral
1760.jpg,contempt
1705.jpg,sad
1701.jpg,sad
1708.jpg,sad
1768.jpg,surprise
1700.jpg,happy
1748.jpg,surprise
1726.jpg,anger
1772.jpg,fear
1730.jpg,contempt
1731.jpg,surprise
1763.jpg,surprise
1759.jpg,surprise
1746.jpg,sad
1719.jpg,uncertain
1734.jpg,neutral
1758.jpg,neutral
1765.jpg,fear
1757.jpg,disgust
1704.jpg,neutral
1736.jpg,anger
1703.jpg,sad
1738.jpg,fear
1707.jpg,sad
1750.jpg,surprise
1732.jpg,sad
1766.jpg,fear
1720.jpg,contempt
1741.jpg,surprise
1752.jpg,sad
1761.jpg,surprise
1724.jpg,happy
1699.jpg,happy
1715.jpg,sad
1728.jpg,fear
1762.jpg,sad
1770.jpg,fear
1740.jpg,neutral
1771.jpg,sad
1754.jpg,sad
1713.jpg,sad
1747.jpg,happy
1775.jpg,uncertain
1764.jpg,anger
1756.jpg,sad
1742.jpg,neutral
1767.jpg,surprise
1776.jpg,disgust
1718.jpg,contempt
1698.jpg,disgust
1753.jpg,surprise
1745.jpg,anger
1702.jpg,contempt
1697.jpg,sad
1739.jpg,fear
1774.jpg,surprise
1727.jpg,surprise
1710.jpg,disgust
1729.jpg,uncertain
1725.jpg,fear
1769.jpg,contempt
1831.jpg,disgust
1825.jpg,disgust
1810.jpg,surprise
1838.jpg,happy
1788.jpg,happy
1802.jpg,anger
1813.jpg,fear
1821.jpg,neutral
1803.jpg,anger
1829.jpg,surprise
1812.jpg,neutral
1799.jpg,happy
1816.jpg,surprise
1792.jpg,uncertain
1827.jpg,surprise
1805.jpg,disgust
1828.jpg,happy
1811.jpg,happy
1820.jpg,fear
1808.jpg,anger
1782.jpg,surprise
1798.jpg,sad
1824.jpg,happy
1840.jpg,neutral
1826.jpg,anger
1818.jpg,happy
1823.jpg,contempt
1784.jpg,happy
1832.jpg,sad
1817.jpg,fear
1843.jpg,fear
1785.jpg,disgust
1839.jpg,sad
1815.jpg,happy
1797.jpg,anger
1800.jpg,anger
1791.jpg,disgust
1836.jpg,surprise
1807.jpg,happy
1793.jpg,surprise
1794.jpg,happy
1779.jpg,sad
1834.jpg,happy
1781.jpg,neutral
1837.jpg,fear
1833.jpg,sad
1801.jpg,neutral
1796.jpg,anger
1819.jpg,sad
1835.jpg,disgust
1780.jpg,neutral
1841.jpg,anger
1804.jpg,happy
1795.jpg,happy
1842.jpg,surprise
1789.jpg,happy
1822.jpg,surprise
1845.jpg,surprise
1783.jpg,neutral
1814.jpg,surprise
1809.jpg,sad
1790.jpg,uncertain
1786.jpg,fear
1778.jpg,surprise
1806.jpg,sad
1830.jpg,sad
1844.jpg,happy
1787.jpg,neutral
1857.jpg,surprise
1855.jpg,neutral
1854.jpg,sad
1863.jpg,sad
1850.jpg,surprise
1891.jpg,disgust
1868.jpg,surprise
1879.jpg,surprise
1877.jpg,uncertain
1892.jpg,surprise
1853.jpg,neutral
1858.jpg,happy
1864.jpg,surprise
1890.jpg,happy
1860.jpg,surprise
1893.jpg,happy
1884.jpg,fear
1870.jpg,happy
1874.jpg,neutral
1894.jpg,anger
1898.jpg,surprise
1889.jpg,happy
1876.jpg,sad
1856.jpg,anger
1899.jpg,sad
1866.jpg,happy
1872.jpg,neutral
1883.jpg,fear
1897.jpg,neutral
1849.jpg,sad
1881.jpg,anger
1885.jpg,fear
1895.jpg,happy
1859.jpg,fear
1848.jpg,happy
1901.jpg,neutral
1847.jpg,surprise
1865.jpg,neutral
1880.jpg,uncertain
1871.jpg,uncertain
1900.jpg,surprise
1869.jpg,sad
1882.jpg,neutral
1846.jpg,surprise
1875.jpg,surprise
1867.jpg,anger
1862.jpg,sad
1861.jpg,sad
1896.jpg,contempt
1851.jpg,anger
1878.jpg,sad
1888.jpg,neutral
1886.jpg,contempt
1873.jpg,neutral
1887.jpg,surprise
1852.jpg,sad
1936.jpg,contempt
1935.jpg,neutral
1951.jpg,happy
1943.jpg,sad
1924.jpg,surprise
1905.jpg,surprise
1954.jpg,sad
1912.jpg,surprise
1939.jpg,neutral
1915.jpg,happy
1934.jpg,contempt
1917.jpg,sad
1948.jpg,surprise
1926.jpg,anger
1932.jpg,fear
1937.jpg,happy
1929.jpg,uncertain
1919.jpg,neutral
1902.jpg,sad
1911.jpg,happy
1923.jpg,surprise
1960.jpg,surprise
1946.jpg,neutral
1922.jpg,neutral
1956.jpg,sad
1953.jpg,sad
1907.jpg,neutral
1925.jpg,happy
1952.jpg,disgust
1947.jpg,contempt
1942.jpg,neutral
1927.jpg,anger
1906.jpg,anger
1957.jpg,surprise
1950.jpg,happy
1908.jpg,fear
1921.jpg,happy
1909.jpg,fear
1904.jpg,disgust
1962.jpg,anger
1949.jpg,neutral
1914.jpg,surprise
1941.jpg,fear
1958.jpg,surprise
1920.jpg,contempt
1933.jpg,surprise
1944.jpg,contempt
1910.jpg,sad
1903.jpg,surprise
1961.jpg,anger
1930.jpg,sad
1938.jpg,fear
1940.jpg,surprise
1931.jpg,surprise
1913.jpg,surprise
1959.jpg,surprise
1918.jpg,anger
1928.jpg,sad
1916.jpg,contempt
1945.jpg,surprise
1955.jpg,sad
1983.jpg,sad
2023.jpg,sad
1981.jpg,happy
2008.jpg,happy
2014.jpg,surprise
2016.jpg,anger
2004.jpg,disgust
2031.jpg,neutral
1975.jpg,anger
1964.jpg,anger
2025.jpg,anger
1973.jpg,fear
2011.jpg,anger
1995.jpg,contempt
2035.jpg,anger
2019.jpg,anger
1972.jpg,disgust
1969.jpg,surprise
2029.jpg,surprise
1979.jpg,surprise
1998.jpg,anger
2003.jpg,contempt
2032.jpg,surprise
2027.jpg,sad
2020.jpg,contempt
1967.jpg,happy
1994.jpg,neutral
1991.jpg,fear
2028.jpg,sad
2024.jpg,surprise
1976.jpg,anger
1982.jpg,happy
2013.jpg,sad
2017.jpg,neutral
1963.jpg,surprise
1965.jpg,sad
1990.jpg,anger
16.jpg,disgust
11.jpg,anger
3.jpg,disgust
15.jpg,neutral
13.jpg,neutral
10.jpg,neutral
19.jpg,disgust
6.jpg,anger
8.jpg,happy
14.jpg,neutral
20.jpg,contempt
21.jpg,neutral
1.jpg,neutral
12.jpg,contempt
0.jpg,sad
2.jpg,sad
9.jpg,uncertain
7.jpg,neutral
18.jpg,fear
17.jpg,sad
5.jpg,anger
4.jpg,anger
54.jpg,disgust
80.jpg,sad
28.jpg,uncertain
68.jpg,disgust
67.jpg,happy
45.jpg,fear
40.jpg,sad
72.jpg,anger
49.jpg,contempt
81.jpg,disgust
23.jpg,anger
62.jpg,surprise
74.jpg,contempt
73.jpg,sad
22.jpg,anger
60.jpg,happy
43.jpg,anger
29.jpg,anger
24.jpg,happy
57.jpg,anger
37.jpg,surprise
55.jpg,contempt
79.jpg,sad
66.jpg,sad
32.jpg,neutral
31.jpg,fear
78.jpg,neutral
77.jpg,sad
58.jpg,surprise
71.jpg,sad
35.jpg,neutral
50.jpg,sad
34.jpg,fear
44.jpg,contempt
25.jpg,anger
41.jpg,fear
51.jpg,surprise
39.jpg,contempt
36.jpg,surprise
76.jpg,fear
46.jpg,happy
82.jpg,surprise
53.jpg,neutral
65.jpg,uncertain
64.jpg,anger
47.jpg,neutral
30.jpg,happy
75.jpg,happy
27.jpg,neutral
63.jpg,surprise
42.jpg,anger
69.jpg,uncertain
56.jpg,anger
26.jpg,surprise
59.jpg,anger
33.jpg,surprise
61.jpg,neutral
52.jpg,neutral
70.jpg,happy
48.jpg,sad
38.jpg,uncertain
152.jpg,sad
87.jpg,fear
168.jpg,surprise
167.jpg,fear
132.jpg,happy
104.jpg,anger
163.jpg,anger
160.jpg,happy
116.jpg,neutral
86.jpg,contempt
113.jpg,neutral
118.jpg,anger
130.jpg,sad
128.jpg,sad
138.jpg,uncertain
119.jpg,happy
127.jpg,uncertain
83.jpg,anger
123.jpg,neutral
140.jpg,sad
143.jpg,happy
99.jpg,anger
106.jpg,uncertain
89.jpg,surprise
120.jpg,fear
109.jpg,disgust
108.jpg,sad
93.jpg,disgust
102.jpg,happy
84.jpg,contempt
85.jpg,fear
141.jpg,sad
100.jpg,sad
98.jpg,sad
110.jpg,anger
105.jpg,anger
124.jpg,happy
165.jpg,sad
121.jpg,disgust
125.jpg,uncertain
115.jpg,neutral
161.jpg,surprise
166.jpg,uncertain
151.jpg,uncertain
136.jpg,uncertain
97.jpg,disgust
162.jpg,contempt
146.jpg,surprise
155.jpg,anger
148.jpg,sad
114.jpg,happy
142.jpg,surprise
112.jpg,surprise
91.jpg,anger
134.jpg,surprise
137.jpg,sad
154.jpg,happy
150.jpg,surprise
149.jpg,neutral
144.jpg,fear
95.jpg,surprise
126.jpg,neutral
92.jpg,neutral
156.jpg,sad
96.jpg,neutral
90.jpg,surprise
122.jpg,sad
88.jpg,sad
153.jpg,uncertain
147.jpg,sad
131.jpg,sad
107.jpg,sad
157.jpg,sad
129.jpg,sad
111.jpg,uncertain
94.jpg,neutral
164.jpg,contempt
139.jpg,anger
145.jpg,sad
133.jpg,sad
159.jpg,anger
117.jpg,happy
103.jpg,surprise
135.jpg,surprise
101.jpg,fear
158.jpg,sad
193.jpg,surprise
174.jpg,anger
214.jpg,surprise
224.jpg,fear
181.jpg,surprise
212.jpg,fear
237.jpg,anger
209.jpg,surprise
188.jpg,sad
190.jpg,anger
215.jpg,happy
229.jpg,sad
198.jpg,surprise
246.jpg,happy
225.jpg,neutral
222.jpg,neutral
199.jpg,surprise
220.jpg,fear
195.jpg,happy
197.jpg,uncertain
244.jpg,disgust
226.jpg,neutral
183.jpg,anger
191.jpg,sad
242.jpg,sad
240.jpg,neutral
202.jpg,sad
170.jpg,surprise
245.jpg,surprise
217.jpg,neutral
218.jpg,anger
177.jpg,neutral
185.jpg,uncertain
213.jpg,neutral
179.jpg,fear
192.jpg,surprise
211.jpg,contempt
187.jpg,sad
239.jpg,anger
204.jpg,sad
219.jpg,anger
172.jpg,uncertain
205.jpg,happy
184.jpg,contempt
233.jpg,uncertain
203.jpg,sad
223.jpg,sad
194.jpg,happy
182.jpg,happy
227.jpg,neutral
201.jpg,sad
186.jpg,surprise
241.jpg,disgust
232.jpg,anger
175.jpg,sad
236.jpg,sad
206.jpg,contempt
207.jpg,sad
173.jpg,disgust
208.jpg,surprise
230.jpg,surprise
210.jpg,anger
216.jpg,uncertain
228.jpg,anger
234.jpg,sad
171.jpg,neutral
189.jpg,happy
200.jpg,surprise
178.jpg,anger
176.jpg,surprise
221.jpg,contempt
243.jpg,surprise
231.jpg,sad
169.jpg,happy
235.jpg,neutral
196.jpg,anger
238.jpg,neutral
180.jpg,surprise
284.jpg,fear
248.jpg,sad
292.jpg,happy
263.jpg,surprise
282.jpg,neutral
257.jpg,happy
308.jpg,neutral
268.jpg,surprise
312.jpg,happy
251.jpg,uncertain
316.jpg,surprise
269.jpg,anger
281.jpg,sad
256.jpg,sad
277.jpg,neutral
314.jpg,fear
275.jpg,sad
287.jpg,sad
249.jpg,uncertain
254.jpg,happy
303.jpg,fear
304.jpg,fear
293.jpg,happy
291.jpg,uncertain
279.jpg,surprise
309.jpg,happy
270.jpg,anger
288.jpg,happy
250.jpg,surprise
290.jpg,anger
273.jpg,anger
289.jpg,anger
264.jpg,sad
258.jpg,anger
283.jpg,surprise
294.jpg,uncertain
267.jpg,neutral
301.jpg,fear
305.jpg,surprise
255.jpg,happy
262.jpg,anger
307.jpg,neutral
272.jpg,surprise
261.jpg,happy
274.jpg,happy
315.jpg,neutral
253.jpg,disgust
311.jpg,surprise
297.jpg,neutral
300.jpg,fear
271.jpg,surprise
252.jpg,sad
285.jpg,anger
298.jpg,surprise
260.jpg,sad
265.jpg,sad
276.jpg,sad
259.jpg,sad
299.jpg,disgust
280.jpg,sad
313.jpg,surprise
302.jpg,anger
295.jpg,anger
266.jpg,neutral
310.jpg,sad
296.jpg,happy
306.jpg,contempt
278.jpg,sad
286.jpg,disgust
247.jpg,surprise
360.jpg,anger
351.jpg,surprise
331.jpg,anger
352.jpg,neutral
324.jpg,sad
347.jpg,neutral
330.jpg,uncertain
343.jpg,contempt
369.jpg,sad
322.jpg,happy
349.jpg,happy
348.jpg,happy
356.jpg,fear
353.jpg,anger
318.jpg,anger
325.jpg,happy
342.jpg,anger
329.jpg,surprise
368.jpg,anger
370.jpg,surprise
344.jpg,sad
371.jpg,sad
346.jpg,anger
317.jpg,surprise
338.jpg,anger
363.jpg,happy
323.jpg,sad
359.jpg,happy
335.jpg,neutral
319.jpg,sad
333.jpg,disgust
321.jpg,sad
345.jpg,happy
350.jpg,sad
362.jpg,neutral
336.jpg,contempt
332.jpg,surprise
339.jpg,uncertain
340.jpg,fear
354.jpg,sad
327.jpg,anger
326.jpg,happy
328.jpg,surprise
337.jpg,anger
358.jpg,disgust
366.jpg,neutral
357.jpg,anger
334.jpg,anger
341.jpg,happy
320.jpg,surprise
367.jpg,anger
365.jpg,neutral
364.jpg,anger
355.jpg,contempt
361.jpg,fear
375.jpg,surprise
438.jpg,anger
419.jpg,neutral
376.jpg,sad
435.jpg,surprise
405.jpg,happy
423.jpg,disgust
417.jpg,sad
389.jpg,anger
412.jpg,surprise
394.jpg,anger
391.jpg,uncertain
400.jpg,disgust
436.jpg,surprise
424.jpg,happy
401.jpg,surprise
427.jpg,uncertain
431.jpg,surprise
406.jpg,happy
404.jpg,neutral
385.jpg,sad
439.jpg,neutral
410.jpg,sad
433.jpg,neutral
415.jpg,surprise
430.jpg,happy
399.jpg,sad
428.jpg,surprise
425.jpg,uncertain
416.jpg,anger
387.jpg,anger
413.jpg,happy
403.jpg,sad
429.jpg,anger
440.jpg,anger
432.jpg,happy
408.jpg,surprise
374.jpg,happy
402.jpg,neutral
372.jpg,disgust
426.jpg,anger
407.jpg,anger
379.jpg,surprise
395.jpg,contempt
437.jpg,fear
421.jpg,sad
397.jpg,surprise
378.jpg,neutral
388.jpg,anger
422.jpg,happy
380.jpg,surprise
386.jpg,sad
409.jpg,contempt
381.jpg,surprise
398.jpg,fear
420.jpg,neutral
373.jpg,happy
390.jpg,fear
383.jpg,happy
411.jpg,sad
377.jpg,neutral
382.jpg,contempt
434.jpg,happy
396.jpg,fear
384.jpg,anger
414.jpg,anger
393.jpg,anger
392.jpg,disgust
418.jpg,sad
491.jpg,disgust
449.jpg,disgust
473.jpg,sad
484.jpg,surprise
485.jpg,sad
442.jpg,neutral
501.jpg,neutral
469.jpg,surprise
477.jpg,sad
478.jpg,happy
481.jpg,surprise
448.jpg,disgust
489.jpg,anger
493.jpg,neutral
461.jpg,anger
468.jpg,happy
483.jpg,sad
470.jpg,surprise
494.jpg,anger
445.jpg,fear
466.jpg,neutral
503.jpg,neutral
500.jpg,sad
495.jpg,happy
471.jpg,sad
465.jpg,neutral
458.jpg,sad
455.jpg,anger
467.jpg,anger
474.jpg,disgust
462.jpg,sad
488.jpg,anger
447.jpg,uncertain
460.jpg,sad
446.jpg,happy
450.jpg,neutral
506.jpg,fear
451.jpg,sad
505.jpg,contempt
490.jpg,sad
454.jpg,uncertain
464.jpg,uncertain
479.jpg,sad
496.jpg,anger
472.jpg,anger
441.jpg,disgust
498.jpg,anger
463.jpg,anger
480.jpg,surprise
499.jpg,sad
453.jpg,surprise
487.jpg,surprise
444.jpg,fear
475.jpg,neutral
486.jpg,anger
502.jpg,anger
497.jpg,anger
457.jpg,surprise
492.jpg,happy
456.jpg,happy
459.jpg,uncertain
443.jpg,fear
452.jpg,neutral
482.jpg,anger
476.jpg,sad
504.jpg,fear
559.jpg,sad
529.jpg,sad
527.jpg,disgust
508.jpg,sad
516.jpg,happy
555.jpg,anger
541.jpg,neutral
517.jpg,anger
512.jpg,happy
524.jpg,happy
539.jpg,fear
562.jpg,sad
520.jpg,surprise
547.jpg,surprise
535.jpg,sad
519.jpg,surprise
553.jpg,happy
522.jpg,happy
554.jpg,anger
558.jpg,neutral
561.jpg,neutral
545.jpg,sad
540.jpg,disgust
563.jpg,happy
507.jpg,contempt
538.jpg,surprise
546.jpg,sad
544.jpg,surprise
518.jpg,anger
511.jpg,happy
528.jpg,sad
531.jpg,disgust
515.jpg,disgust
552.jpg,sad
523.jpg,surprise
513.jpg,surprise
543.jpg,fear
533.jpg,anger
521.jpg,sad
532.jpg,anger
556.jpg,anger
510.jpg,surprise
530.jpg,neutral
525.jpg,surprise
557.jpg,neutral
551.jpg,happy
537.jpg,sad
564.jpg,disgust
550.jpg,surprise
560.jpg,fear
549.jpg,neutral
534.jpg,sad
514.jpg,neutral
526.jpg,fear
542.jpg,fear
536.jpg,disgust
509.jpg,surprise
548.jpg,sad
599.jpg,uncertain
597.jpg,happy
624.jpg,surprise
600.jpg,neutral
578.jpg,sad
575.jpg,anger
587.jpg,happy
634.jpg,happy
627.jpg,surprise
592.jpg,uncertain
574.jpg,anger
606.jpg,anger
591.jpg,anger
566.jpg,anger
619.jpg,disgust
579.jpg,neutral
607.jpg,neutral
610.jpg,neutral
615.jpg,contempt
593.jpg,uncertain
604.jpg,sad
586.jpg,sad
580.jpg,fear
605.jpg,sad
608.jpg,fear
616.jpg,anger
568.jpg,contempt
577.jpg,surprise
613.jpg,anger
594.jpg,disgust
622.jpg,anger
617.jpg,anger
571.jpg,sad
581.jpg,uncertain
623.jpg,sad
601.jpg,surprise
595.jpg,uncertain
567.jpg,sad
570.jpg,surprise
609.jpg,uncertain
576.jpg,anger
628.jpg,surprise
569.jpg,surprise
585.jpg,surprise
565.jpg,surprise
583.jpg,fear
629.jpg,anger
611.jpg,surprise
618.jpg,anger
590.jpg,sad
620.jpg,fear
573.jpg,happy
626.jpg,anger
602.jpg,anger
632.jpg,anger
582.jpg,sad
630.jpg,fear
596.jpg,sad
588.jpg,contempt
631.jpg,contempt
598.jpg,disgust
625.jpg,sad
633.jpg,fear
614.jpg,surprise
589.jpg,sad
621.jpg,sad
612.jpg,surprise
584.jpg,uncertain
572.jpg,surprise
603.jpg,anger
636.jpg,uncertain
660.jpg,disgust
670.jpg,sad
674.jpg,uncertain
646.jpg,neutral
643.jpg,happy
673.jpg,neutral
676.jpg,neutral
647.jpg,surprise
652.jpg,uncertain
648.jpg,happy
664.jpg,happy
666.jpg,sad
644.jpg,sad
659.jpg,anger
641.jpg,sad
655.jpg,neutral
665.jpg,neutral
680.jpg,neutral
640.jpg,anger
635.jpg,contempt
675.jpg,neutral
645.jpg,sad
688.jpg,surprise
678.jpg,surprise
656.jpg,fear
683.jpg,sad
663.jpg,sad
649.jpg,surprise
654.jpg,contempt
642.jpg,neutral
657.jpg,fear
651.jpg,neutral
684.jpg,surprise
637.jpg,surprise
668.jpg,neutral
681.jpg,anger
662.jpg,surprise
639.jpg,surprise
638.jpg,uncertain
658.jpg,uncertain
667.jpg,sad
671.jpg,surprise
653.jpg,anger
686.jpg,sad
672.jpg,anger
661.jpg,anger
650.jpg,anger
685.jpg,surprise
687.jpg,happy
679.jpg,sad
669.jpg,anger
682.jpg,happy
677.jpg,sad
736.jpg,anger
719.jpg,anger
714.jpg,anger
749.jpg,anger
697.jpg,surprise
720.jpg,surprise
707.jpg,neutral
738.jpg,sad
740.jpg,surprise
731.jpg,anger
691.jpg,anger
734.jpg,uncertain
732.jpg,fear
729.jpg,neutral
723.jpg,surprise
726.jpg,contempt
702.jpg,sad
715.jpg,happy
698.jpg,happy
744.jpg,anger
745.jpg,neutral
721.jpg,contempt
724.jpg,contempt
722.jpg,neutral
708.jpg,sad
746.jpg,happy
747.jpg,neutral
692.jpg,uncertain
733.jpg,sad
753.jpg,disgust
728.jpg,neutral
752.jpg,neutral
748.jpg,sad
696.jpg,anger
718.jpg,anger
716.jpg,sad
709.jpg,sad
751.jpg,sad
713.jpg,surprise
727.jpg,happy
710.jpg,surprise
711.jpg,sad
712.jpg,anger
742.jpg,happy
703.jpg,neutral
700.jpg,sad
699.jpg,disgust
701.jpg,surprise
741.jpg,disgust
706.jpg,surprise
704.jpg,uncertain
695.jpg,neutral
690.jpg,surprise
725.jpg,surprise
737.jpg,contempt
750.jpg,happy
693.jpg,surprise
743.jpg,fear
717.jpg,sad
689.jpg,sad
705.jpg,sad
730.jpg,surprise
735.jpg,happy
739.jpg,sad
694.jpg,contempt
793.jpg,disgust
796.jpg,anger
799.jpg,anger
773.jpg,anger
789.jpg,fear
762.jpg,fear
779.jpg,surprise
778.jpg,disgust
812.jpg,anger
777.jpg,disgust
775.jpg,sad
784.jpg,disgust
792.jpg,sad
759.jpg,sad
790.jpg,surprise
766.jpg,anger
813.jpg,surprise
787.jpg,happy
774.jpg,surprise
783.jpg,anger
760.jpg,neutral
768.jpg,neutral
808.jpg,uncertain
765.jpg,happy
771.jpg,anger
785.jpg,sad
804.jpg,happy
772.jpg,happy
815.jpg,sad
811.jpg,fear
802.jpg,happy
807.jpg,surprise
763.jpg,sad
780.jpg,sad
776.jpg,contempt
757.jpg,sad
758.jpg,fear
816.jpg,happy
767.jpg,anger
764.jpg,surprise
769.jpg,happy
755.jpg,anger
818.jpg,surprise
805.jpg,surprise
782.jpg,fear
809.jpg,surprise
791.jpg,surprise
810.jpg,surprise
817.jpg,sad
788.jpg,sad
756.jpg,sad
814.jpg,fear
754.jpg,surprise
798.jpg,fear
800.jpg,neutral
786.jpg,sad
801.jpg,fear
806.jpg,surprise
803.jpg,fear
794.jpg,surprise
761.jpg,uncertain
795.jpg,happy
770.jpg,contempt
797.jpg,sad
781.jpg,happy
823.jpg,surprise
867.jpg,contempt
843.jpg,contempt
839.jpg,sad
820.jpg,uncertain
830.jpg,neutral
821.jpg,anger
862.jpg,surprise
865.jpg,happy
838.jpg,contempt
834.jpg,uncertain
824.jpg,sad
819.jpg,happy
880.jpg,surprise
885.jpg,fear
846.jpg,happy
889.jpg,anger
869.jpg,neutral
860.jpg,anger
875.jpg,surprise
890.jpg,neutral
847.jpg,sad
894.jpg,uncertain
856.jpg,surprise
852.jpg,sad
881.jpg,anger
874.jpg,sad
831.jpg,uncertain
893.jpg,sad
835.jpg,sad
879.jpg,neutral
853.jpg,sad
864.jpg,sad
868.jpg,neutral
855.jpg,sad
822.jpg,neutral
841.jpg,sad
877.jpg,contempt
878.jpg,sad
876.jpg,anger
833.jpg,surprise
828.jpg,surprise
891.jpg,anger
884.jpg,anger
866.jpg,happy
854.jpg,neutral
851.jpg,anger
882.jpg,anger
836.jpg,uncertain
840.jpg,uncertain
859.jpg,neutral
873.jpg,surprise
845.jpg,uncertain
826.jpg,sad
858.jpg,surprise
837.jpg,neutral
872.jpg,sad
827.jpg,anger
861.jpg,sad
850.jpg,fear
888.jpg,anger
870.jpg,happy
871.jpg,anger
883.jpg,anger
892.jpg,uncertain
849.jpg,contempt
887.jpg,neutral
848.jpg,anger
844.jpg,anger
863.jpg,sad
825.jpg,sad
857.jpg,neutral
829.jpg,sad
895.jpg,sad
842.jpg,fear
832.jpg,sad
886.jpg,surprise
942.jpg,anger
903.jpg,surprise
926.jpg,fear
945.jpg,surprise
964.jpg,anger
956.jpg,fear
936.jpg,fear
941.jpg,happy
901.jpg,sad
907.jpg,anger
962.jpg,sad
924.jpg,sad
947.jpg,happy
948.jpg,uncertain
928.jpg,happy
930.jpg,fear
921.jpg,sad
935.jpg,sad
960.jpg,fear
916.jpg,surprise
925.jpg,sad
943.jpg,sad
944.jpg,sad
971.jpg,surprise
905.jpg,happy
937.jpg,sad
966.jpg,anger
959.jpg,anger
902.jpg,neutral
899.jpg,sad
961.jpg,uncertain
952.jpg,disgust
932.jpg,anger
970.jpg,fear
915.jpg,neutral
951.jpg,surprise
953.jpg,surprise
965.jpg,sad
957.jpg,surprise
968.jpg,neutral
946.jpg,sad
918.jpg,uncertain
938.jpg,anger
934.jpg,happy
904.jpg,happy
923.jpg,contempt
920.jpg,neutral
914.jpg,surprise
909.jpg,anger
940.jpg,fear
912.jpg,happy
906.jpg,neutral
967.jpg,fear
917.jpg,fear
919.jpg,anger
913.jpg,happy
963.jpg,surprise
958.jpg,anger
929.jpg,surprise
939.jpg,neutral
908.jpg,sad
955.jpg,anger
931.jpg,sad
896.jpg,happy
898.jpg,sad
927.jpg,surprise
950.jpg,neutral
969.jpg,sad
910.jpg,anger
897.jpg,neutral
954.jpg,anger
933.jpg,anger
949.jpg,happy
900.jpg,sad
922.jpg,sad
911.jpg,surprise
1027.jpg,neutral
984.jpg,sad
981.jpg,neutral
982.jpg,sad
974.jpg,neutral
1007.jpg,surprise
1031.jpg,uncertain
987.jpg,anger
1008.jpg,neutral
1025.jpg,sad
1005.jpg,sad
1034.jpg,surprise
978.jpg,sad
977.jpg,happy
1015.jpg,happy
979.jpg,sad
1017.jpg,happy
980.jpg,neutral
1038.jpg,fear
1030.jpg,sad
997.jpg,anger
1020.jpg,surprise
1011.jpg,sad
972.jpg,anger
1040.jpg,uncertain
1018.jpg,sad
1028.jpg,anger
1039.jpg,contempt
